,time,lat,lon,depth,Station,Cast,RosPos,CTD_Temperature,CTD_Salinity,CTD_Oxygen,CTD_Chloropigment,Potential_Temperature,Potential_Density,Bottle_Oxygen,PO4,SiO4,Psi,Chlorophyll,Pheopigment
0,2019-04-10T06:56:11,21.342,-158.273,11.6,1,1,1,25.142,34.496,211.6,0.8492,25.139,22.9198,210.3,,,,,
1,2019-04-10T06:56:17,21.342,-158.273,12.0,1,1,2,25.138,34.496,211.6,0.8491,25.135,22.9211,,,,,,
2,2019-04-10T06:56:22,21.342,-158.273,11.3,1,1,3,25.143,34.497,211.6,0.8491,25.141,22.9203,,,,,,
3,2019-04-10T06:56:26,21.342,-158.273,11.9,1,1,4,25.14,34.496,211.6,0.8494,25.137,22.9205,,,,,,
4,2019-04-10T06:56:29,21.342,-158.273,11.5,1,1,5,25.142,34.496,211.6,0.8491,25.139,22.9198,,,,,,
5,2019-04-10T06:56:33,21.342,-158.273,11.5,1,1,6,25.142,34.496,211.6,0.8492,25.139,22.9198,,,,,,
6,2019-04-10T06:56:38,21.342,-158.273,12.0,1,1,7,25.139,34.496,211.6,0.8492,25.136,22.9208,,,,,,
7,2019-04-10T06:56:41,21.342,-158.273,11.3,1,1,8,25.143,34.497,211.6,0.8490000000000001,25.141,22.9203,,,,,,
8,2019-04-10T06:56:45,21.342,-158.273,11.6,1,1,9,25.141,34.496,211.6,0.8492,25.138,22.9201,,,,,,
9,2019-04-10T06:56:49,21.342,-158.273,11.7,1,1,10,25.141,34.496,211.6,0.8493,25.138,22.9201,,,,,,
10,2019-04-10T06:56:53,21.342,-158.273,11.6,1,1,11,25.141,34.496,211.6,0.8492,25.138,22.9201,,,,,,
11,2019-04-10T06:56:57,21.342,-158.273,11.6,1,1,12,25.141,34.496,211.6,0.8492,25.138,22.9201,,,,,,
12,2019-04-10T06:57:00,21.342,-158.273,11.2,1,1,13,25.144,34.497,211.6,0.8490000000000001,25.142,22.92,,,,,,
13,2019-04-10T06:57:04,21.342,-158.273,12.1,1,1,14,25.137,34.496,211.6,0.8488,25.134,22.9214,,,,,,
14,2019-04-10T06:57:08,21.342,-158.273,11.3,1,1,15,25.143,34.497,211.6,0.8491,25.141,22.9203,,,,,,
15,2019-04-10T06:57:12,21.342,-158.273,11.7,1,1,16,25.141,34.496,211.6,0.8493,25.138,22.9201,,,,,,
16,2019-04-10T06:57:17,21.342,-158.273,11.5,1,1,17,25.142,34.496,211.6,0.8491,25.139,22.9198,,,,,,
17,2019-04-10T06:57:21,21.342,-158.273,11.9,1,1,18,25.14,34.496,211.6,0.8494,25.137,22.9205,,,,,,
18,2019-04-10T06:57:25,21.342,-158.273,11.3,1,1,19,25.143,34.497,211.6,0.8490000000000001,25.141,22.9203,,,,,,
19,2019-04-10T06:57:29,21.342,-158.273,11.8,1,1,20,25.14,34.496,211.6,0.8493,25.137,22.9205,,,,,,
20,2019-04-10T06:57:48,21.342,-158.273,12.0,1,1,21,25.139,34.496,211.6,0.8492,25.136,22.9208,,,,,,
21,2019-04-10T06:57:53,21.342,-158.273,11.2,1,1,22,25.143,34.497,211.6,0.8490000000000001,25.141,22.9203,,,,,,
22,2019-04-10T06:57:58,21.342,-158.273,11.9,1,1,23,25.14,34.496,211.6,0.8494,25.137,22.9205,,,,,,
23,2019-04-10T06:58:12,21.342,-158.273,11.2,1,1,24,25.144,34.497,211.6,0.8490000000000001,25.142,22.92,,,,,,
24,2019-04-13T04:49:11,31.091,-158.001,1001.7,2,1,1,3.559,34.41,9.0,0.1978,3.486,27.3684,7.7,,,,,
25,2019-04-13T04:55:04,31.091,-158.001,799.4,2,1,2,4.243,34.238,25.7,0.1982,4.182,27.1612,25.2,,,,,
26,2019-04-13T05:00:33,31.091,-158.001,600.0,2,1,3,5.6179999999999986,34.07,93.9,0.192,5.567,26.8714,94.2,,,,,
27,2019-04-13T05:06:03,31.091,-158.001,401.3,2,1,4,9.368,34.155,204.1,0.1797,9.323,26.4049,204.1,,,,,
28,2019-04-13T05:11:48,31.091,-158.001,201.9,2,1,5,13.634,34.447,215.5,0.1831,13.605,25.8423,214.8,,,,,
29,2019-04-13T05:13:59,31.091,-158.001,149.4,2,1,6,15.583,34.644,219.0,0.2334,15.56,25.5742,218.3,,,,,
30,2019-04-13T05:15:27,31.091,-158.001,125.6,2,1,7,16.576,34.787,227.7,0.3588,16.555999999999994,25.4563,,,,,,
31,2019-04-13T05:15:30,31.091,-158.001,128.8,2,1,8,16.572,34.783,227.8,0.3515,16.551,25.4543,,,,,,
32,2019-04-13T05:15:33,31.091,-158.001,127.9,2,1,9,16.526,34.775,226.6,0.3387,16.505,25.4589,,,,,,
33,2019-04-13T05:17:23,31.091,-158.001,102.2,2,1,10,17.697,35.011,234.1,0.5069,17.68,25.3601,234.6,,,,,
34,2019-04-13T05:17:29,31.091,-158.001,101.9,2,1,11,17.701,35.012,234.1,0.5063,17.684,25.3599,,,,,,
35,2019-04-13T05:17:32,31.091,-158.001,101.1,2,1,12,17.703,35.011,234.2,0.5031,17.686,25.3586,,,,,,
36,2019-04-13T05:17:36,31.091,-158.001,103.8,2,1,13,17.641,34.997,233.5,0.5042,17.623,25.363000000000003,,,,,,
37,2019-04-13T05:19:07,31.091,-158.001,76.5,2,1,14,18.0,35.053000000000004,235.1,0.3372,17.987000000000005,25.317,234.2,,,,,
38,2019-04-13T05:19:34,31.091,-158.001,76.4,2,1,15,18.0,35.053000000000004,235.1,0.3372,17.987000000000005,25.317,,,,,,
39,2019-04-13T05:19:51,31.091,-158.001,77.6,2,1,16,17.977,35.049,235.1,0.3527,17.964000000000006,25.3196,,,,,,
40,2019-04-13T05:21:22,31.091,-158.001,48.2,2,1,17,18.37,35.119,234.4,0.2628,18.362,25.2745,234.6,,,,,
41,2019-04-13T05:21:34,31.091,-158.001,46.8,2,1,18,18.382,35.12,234.2,0.2615,18.374,25.2722,,,,,,
42,2019-04-13T05:21:48,31.091,-158.001,47.6,2,1,19,18.366,35.118,234.5,0.2647,18.358,25.2747,,,,,,
43,2019-04-13T05:23:03,31.091,-158.001,27.0,2,1,20,18.762,35.148,232.9,0.2329,18.757,25.1972,234.4,,,,,
44,2019-04-13T05:24:06,31.091,-158.001,14.8,2,1,21,19.118,35.181999999999995,232.2,0.218,19.115,25.1319,,,,,,
45,2019-04-13T05:24:20,31.091,-158.001,17.7,2,1,22,19.102,35.18,232.2,0.2168,19.099,25.1347,,,,,,
46,2019-04-13T05:24:36,31.091,-158.001,19.3,2,1,23,19.034,35.18,232.3,0.2173,19.031,25.1521,,,,,,
47,2019-04-13T05:25:38,31.091,-158.001,9.2,2,1,24,19.18,35.178000000000004,232.5,0.21600000000000005,19.178,25.1127,233.6,,,,,
48,2019-04-13T06:54:47,31.091,-158.001,399.9,2,2,1,9.558,34.165,209.9,0.1822,9.513,26.3817,,1.16,21.21,,,
49,2019-04-13T06:56:50,31.091,-158.001,350.2,2,2,2,10.456,34.224000000000004,219.0,0.1809,10.414,26.2753,,0.99,16.64,,,
50,2019-04-13T06:58:55,31.091,-158.001,300.2,2,2,3,11.384,34.298,220.1,0.1793,11.345999999999998,26.1664,,0.85,13.18,,,
51,2019-04-13T07:00:57,31.091,-158.001,253.2,2,2,4,12.438,34.376999999999995,216.3,0.1791,12.404000000000002,26.0282,,0.73,10.84,,,
52,2019-04-13T07:03:15,31.091,-158.001,199.4,2,2,5,13.87,34.469,215.8,0.1901,13.841,25.8105,,0.53,7.33,,,
53,2019-04-13T07:04:58,31.091,-158.001,177.2,2,2,6,14.805,34.556999999999995,215.7,0.2042,14.778,25.6795,,0.42,5.79,,,
54,2019-04-13T07:06:30,31.091,-158.001,149.5,2,2,7,15.726,34.664,218.1,0.2373,15.703,25.5575,,0.31,4.65,,,
55,2019-04-13T07:07:47,31.091,-158.001,124.5,2,2,8,16.905,34.844,230.9,0.4051,16.884,25.4229,,0.13,3.27,,,
56,2019-04-13T07:08:50,31.091,-158.001,121.0,2,2,9,17.26,34.914,232.2,0.4425,17.24,25.392,,0.1,2.92,,,
57,2019-04-13T07:09:27,31.091,-158.001,117.2,2,2,10,17.347,34.934,232.3,0.4374,17.327,25.3863,,0.09,2.84,,,
58,2019-04-13T07:10:10,31.091,-158.001,110.0,2,2,11,17.583,34.985,233.9,0.4927,17.564,25.3682,,0.08,2.74,,,
59,2019-04-13T07:10:53,31.091,-158.001,105.9,2,2,12,17.746,35.022,234.2,0.5125,17.727999999999994,25.3567,,0.06,2.52,,,
60,2019-04-13T07:11:34,31.091,-158.001,99.9,2,2,13,17.8,35.034,234.3,0.5043,17.783,25.3525,,0.05,2.49,,,
61,2019-04-13T07:12:13,31.091,-158.001,93.9,2,2,14,17.844,35.038000000000004,234.1,0.4911,17.828,25.3445,,0.06,2.49,,,
62,2019-04-13T07:12:54,31.091,-158.001,89.5,2,2,15,17.95,35.045,234.8,0.4231,17.935,25.3237,,0.05,2.43,,,
63,2019-04-13T07:13:36,31.091,-158.001,84.5,2,2,16,17.989,35.05,234.5,0.3298,17.974,25.3177,,0.05,2.4,,,
64,2019-04-13T07:14:34,31.091,-158.001,77.0,2,2,17,18.097,35.069,235.0,0.3007,18.084,25.3053,,0.05,2.32,,,
65,2019-04-13T07:15:53,31.091,-158.001,46.2,2,2,18,18.574,35.135,232.6,0.2601,18.566,25.2356,,,,,,
66,2019-04-13T07:17:05,31.091,-158.001,26.4,2,2,19,18.989,35.177,232.3,0.2203,18.984,25.1617,,0.05,2.06,,,
67,2019-04-13T07:17:50,31.091,-158.001,17.6,2,2,20,19.147,35.181999999999995,232.3,0.2164,19.144,25.1246,,,,,,
68,2019-04-13T07:18:40,31.091,-158.001,6.4,2,2,21,19.196,35.177,232.5,0.2159,19.195,25.1077,,,,,,
69,2019-04-14T23:54:43,36.91,-158.001,198.3,3,1,1,11.644,34.31,217.8,0.1835,11.619000000000002,26.1254,,,,,,
70,2019-04-14T23:56:59,36.91,-158.001,149.5,3,1,2,12.029000000000002,34.195,229.8,0.1914,12.01,25.9626,,,,,,
71,2019-04-14T23:59:00,36.91,-158.001,126.2,3,1,3,12.403,34.001,249.9,0.2191,12.386,25.7399,,,,,,
72,2019-04-14T23:59:09,36.91,-158.001,124.9,3,1,4,12.404000000000002,34.0,250.5,0.2196,12.387,25.7389,,,,,,
73,2019-04-15T00:00:53,36.91,-158.001,99.9,3,1,5,12.745,33.92,263.8,0.5518,12.732,25.6099,,,,,,
74,2019-04-15T00:00:58,36.91,-158.001,98.5,3,1,6,12.747,33.92,263.9,0.5548,12.734000000000002,25.6094,,,,,,
75,2019-04-15T00:02:42,36.91,-158.001,72.3,3,1,7,12.757,33.886,263.8,0.7216,12.747,25.5804,,,,,,
76,2019-04-15T00:02:51,36.91,-158.001,72.9,3,1,8,12.751,33.887,263.7,0.7293,12.741,25.5824,,,,,,
77,2019-04-15T00:04:34,36.91,-158.001,59.7,3,1,9,12.835,33.876,265.7,1.0107,12.827,25.557,,,,,,
78,2019-04-15T00:04:38,36.91,-158.001,61.3,3,1,10,12.839,33.88,265.6,1.0222,12.831,25.5594,,,,,,
79,2019-04-15T00:06:12,36.91,-158.001,44.7,3,1,11,12.69,33.793,266.7,1.0329,12.684,25.5208,,,,,,
80,2019-04-15T00:06:21,36.91,-158.001,44.8,3,1,12,12.689,33.793,266.7,1.0308,12.683,25.5209,,,,,,
81,2019-04-15T00:08:30,36.91,-158.001,25.2,3,1,13,13.077,33.789,269.0,0.5176,13.074000000000002,25.4407,,,,,,
82,2019-04-15T00:08:36,36.91,-158.001,25.7,3,1,14,13.085,33.79,269.1,0.4933,13.081,25.4399,,,,,,
83,2019-04-15T00:09:52,36.91,-158.001,14.1,3,1,15,13.308,33.777,268.2,0.3738,13.306,25.3849,,,,,,
84,2019-04-15T00:09:55,36.91,-158.001,14.9,3,1,16,13.294,33.778,268.4,0.3773,13.292,25.3885,,,,,,
85,2019-04-15T00:09:58,36.91,-158.001,15.5,3,1,17,13.292,33.779,268.4,0.3715,13.29,25.3897,,,,,,
86,2019-04-15T00:10:01,36.91,-158.001,14.0,3,1,18,13.31,33.777,268.2,0.3733,13.308,25.3845,,,,,,
87,2019-04-15T00:10:04,36.91,-158.001,14.5,3,1,19,13.300999999999998,33.778,268.3,0.3757,13.299,25.3871,,,,,,
88,2019-04-15T00:10:07,36.91,-158.001,15.8,3,1,20,13.29,33.779,268.5,0.3676,13.288,25.3901,,,,,,
89,2019-04-15T00:10:10,36.91,-158.001,14.1,3,1,21,13.309,33.777,268.2,0.3735,13.307,25.3847,,,,,,
90,2019-04-15T00:10:13,36.91,-158.001,14.7,3,1,22,13.298,33.778,268.4,0.3764,13.296,25.3877,,,,,,
91,2019-04-15T00:10:18,36.91,-158.001,15.0,3,1,23,13.293,33.778,268.4,0.3761,13.291,25.3887,,,,,,
92,2019-04-15T00:12:13,36.91,-158.001,6.4,3,1,24,13.394,33.771,267.8,0.3293,13.393,25.3626,,,,,,
93,2019-04-15T02:58:18,36.91,-158.0,988.6,3,3,1,3.366,34.371,13.6,0.1997,3.2960000000000003,27.3556,14.1,3.16,129.01,,,
94,2019-04-15T03:05:00,36.91,-158.0,744.9,3,3,2,4.17,34.215,45.3,0.1978,4.114,27.15,45.1,2.94,102.35,,,
95,2019-04-15T03:11:09,36.91,-158.0,495.5,3,3,3,6.018,34.03,133.2,0.1905,5.975,26.7895,134.3,2.2,57.74,,,
96,2019-04-15T03:14:21,36.91,-158.0,397.2,3,3,4,7.99,34.087,176.8,0.1855,7.95,26.5645,,1.6,35.22,,,
97,2019-04-15T03:16:24,36.91,-158.0,347.2,3,3,5,8.732000000000001,34.103,201.7,0.1835,8.695,26.4641,202.3,1.33,26.72,,,
98,2019-04-15T03:18:22,36.91,-158.0,297.2,3,3,6,9.609,34.147,218.0,0.1827,9.575,26.3573,,1.1,20.33,,,
99,2019-04-15T03:20:17,36.91,-158.0,248.8,3,3,7,10.494000000000002,34.219,219.3,0.1828,10.464,26.2627,218.6,0.98,16.48,,,
100,2019-04-15T03:22:06,36.91,-158.0,197.5,3,3,8,11.486,34.298,216.9,0.1832,11.461,26.1453,216.8,0.85,13.57,,,
101,2019-04-15T03:23:14,36.91,-158.0,175.0,3,3,9,11.836,34.276,220.8,0.1847,11.813,26.0625,,0.77,11.7,,,
102,2019-04-15T03:25:15,36.91,-158.0,150.7,3,3,10,12.009,34.177,230.2,0.1915,11.989,25.9524,,0.63,8.86,,,
103,2019-04-15T03:27:13,36.91,-158.0,124.0,3,3,11,12.374,34.013000000000005,247.7,0.2164,12.358,25.7547,247.2,0.38,5.74,,,
104,2019-04-15T03:30:19,36.91,-158.0,99.7,3,3,12,12.691,33.93,259.2,0.3083,12.678,25.6282,,0.24,4.16,,0.07,0.15
105,2019-04-15T03:32:16,36.91,-158.0,73.4,3,3,13,12.578,33.834,262.3,0.4855,12.568,25.5751,,0.23,3.96,,0.21,0.27
106,2019-04-15T03:33:41,36.91,-158.0,73.0,3,3,14,12.578,33.834,262.3,0.4845,12.568,25.5751,,0.23,3.95,,0.22,0.32
107,2019-04-15T03:34:35,36.91,-158.0,66.7,3,3,15,12.604,33.829,263.3,0.6074,12.595,25.566,,0.22,3.93,,,
108,2019-04-15T03:35:20,36.91,-158.0,59.4,3,3,16,12.638,33.829,264.7,0.7782,12.63,25.5592,263.4,0.21,3.92,,,
109,2019-04-15T03:36:22,36.91,-158.0,54.3,3,3,17,12.651,33.827,265.3,0.8706,12.644,25.555,,0.2,3.91,,0.36,0.49
110,2019-04-15T03:37:06,36.91,-158.0,50.2,3,3,18,12.664,33.812,265.5,0.9367,12.657,25.5407,,0.2,3.87,,0.41,0.51
111,2019-04-15T03:38:08,36.91,-158.0,42.8,3,3,19,12.683,33.797,266.1,1.0076,12.677,25.5252,,0.2,3.82,,0.4,0.5
112,2019-04-15T03:39:02,36.91,-158.0,39.8,3,3,20,12.705,33.79,267.1,1.0684,12.7,25.5154,264.5,0.18,3.73,,,
113,2019-04-15T03:39:47,36.91,-158.0,34.2,3,3,21,12.765,33.793,267.9,1.0595,12.76,25.5058,,0.18,3.69,,,
114,2019-04-15T03:40:54,36.91,-158.0,24.7,3,3,22,13.089,33.818000000000005,268.8,0.6297,13.086,25.4608,266.7,0.17,3.82,,0.25,0.33
115,2019-04-15T03:41:57,36.91,-158.0,14.6,3,3,23,13.238,33.782,267.8,0.5005,13.236,25.4028,,,,,,
116,2019-04-15T03:42:58,36.91,-158.0,4.2,3,3,24,13.323,33.78,267.8,0.4801,13.322,25.3839,,0.17,3.69,,0.2,0.19
117,2019-04-16T10:02:47,41.676,-158.04,989.6,4,1,1,3.28,34.386,19.3,0.199,3.21,27.3756,18.7,3.14,129.92,,,
118,2019-04-16T10:10:39,41.676,-158.04,744.9,4,1,2,3.957,34.246,40.3,0.1974,3.902,27.1965,40.5,2.99,108.05,,,
119,2019-04-16T10:18:57,41.676,-158.04,497.0,4,1,3,4.864,34.042,97.0,0.1931,4.825,26.9357,98.8,2.58,75.81,,,
120,2019-04-16T10:23:57,41.676,-158.04,397.1,4,1,4,6.061,33.989000000000004,141.5,0.1918,6.026,26.7506,,2.14,54.24,,,
121,2019-04-16T10:28:27,41.676,-158.04,297.5,4,1,5,7.331,33.967,191.2,0.1888,7.302,26.5633,193.2,1.62,35.42,,,
122,2019-04-16T10:33:31,41.676,-158.04,199.8,4,1,6,9.232,34.067,225.2,0.1895,9.21,26.3543,,1.12,20.36,,,
123,2019-04-16T10:35:56,41.676,-158.04,174.6,4,1,7,9.665,34.058,228.8,0.2023,9.645,26.2762,,1.02,17.53,,,
124,2019-04-16T10:38:45,41.676,-158.04,149.1,4,1,8,9.602,33.788000000000004,250.4,0.244,9.585,26.075,250.4,0.86,12.96,,,
125,2019-04-16T10:41:22,41.676,-158.04,123.6,4,1,9,9.314,33.439,279.1,0.3674,9.301,25.8484,,0.67,9.0,,,
126,2019-04-16T10:44:14,41.676,-158.04,100.9,4,1,10,9.306,33.424,281.2,0.4237,9.295,25.8376,,0.66,8.97,,,
127,2019-04-16T10:44:17,41.676,-158.04,100.7,4,1,11,9.306,33.424,281.2,0.422,9.295,25.8376,,,,272.41,,
128,2019-04-16T10:46:18,41.676,-158.04,85.2,4,1,12,9.434,33.431,282.2,0.6309,9.425,25.8222,,0.65,8.38,,,
129,2019-04-16T10:47:55,41.676,-158.04,73.7,4,1,13,9.466,33.43,283.3,0.8153,9.458,25.816,281.1,0.63,8.29,,,
130,2019-04-16T10:47:58,41.676,-158.04,77.0,4,1,14,9.462,33.431,283.1,0.7749,9.454,25.8175,,,,346.52,,
131,2019-04-16T10:52:00,41.676,-158.04,44.4,4,1,15,9.463,33.421,284.6,0.9772,9.458,25.8089,,0.64,8.31,,,
132,2019-04-16T10:52:04,41.676,-158.04,46.7,4,1,16,9.465,33.421,284.7,0.9812,9.46,25.8086,,,,358.84,,
133,2019-04-16T10:54:39,41.676,-158.04,24.4,4,1,17,9.648,33.359,288.7,1.0179,9.645,25.7299,286.9,0.63,8.54,,,
134,2019-04-16T10:54:49,41.676,-158.04,24.0,4,1,18,9.659,33.357,288.7,1.0071,9.656,25.7266,,,,286.3,,
135,2019-04-16T10:56:46,41.676,-158.04,15.0,4,1,19,9.673,33.348,289.1,0.9401,9.671,25.7171,,0.64,8.67,,,
136,2019-04-16T10:56:50,41.676,-158.04,14.8,4,1,20,9.673,33.348,289.1,0.9382,9.671,25.7171,,,,198.89,,
137,2019-04-16T10:59:58,41.676,-158.04,7.1,4,1,21,9.67,33.348,288.9,0.9383,9.669,25.7174,286.9,0.64,8.69,,,
138,2019-04-16T11:00:14,41.676,-158.04,5.8,4,1,22,9.671,33.348,289.1,0.939,9.67,25.7172,,,,281.03,,
139,2019-04-16T13:08:19,41.675,-158.04,98.3,4,3,1,9.36,33.435,280.7,0.4439,9.349,25.8375,,,,,,
140,2019-04-16T13:08:24,41.675,-158.04,100.5,4,3,2,9.361,33.435,280.5,0.4559,9.35,25.8373,,,,,,
141,2019-04-16T13:10:28,41.675,-158.04,74.7,4,3,3,9.41,33.431999999999995,282.0,0.588,9.402,25.8266,,,,,,
142,2019-04-16T13:10:33,41.675,-158.04,74.4,4,3,4,9.411,33.431999999999995,282.0,0.5883,9.403,25.8265,,,,,,
143,2019-04-16T13:12:16,41.675,-158.04,44.5,4,3,5,9.491,33.425,285.2,1.1496,9.486,25.8075,,,,,,
144,2019-04-16T13:12:19,41.675,-158.04,45.3,4,3,6,9.492,33.426,285.3,1.1525,9.487,25.8081,,,,,,
145,2019-04-16T13:13:58,41.675,-158.04,25.4,4,3,7,9.64,33.35,288.3,0.9428,9.637,25.7242,,,,,,
146,2019-04-16T13:14:06,41.675,-158.04,24.6,4,3,8,9.642,33.349000000000004,288.4,0.9367,9.639,25.7231,,,,,,
147,2019-04-16T13:15:17,41.675,-158.04,16.2,4,3,9,9.643,33.346,288.7,0.9255,9.641,25.7204,,,,,,
148,2019-04-16T13:15:20,41.675,-158.04,16.3,4,3,10,9.643,33.346,288.7,0.9279,9.641,25.7205,,,,,,
149,2019-04-16T13:15:23,41.675,-158.04,13.6,4,3,11,9.642,33.346,288.4,0.919,9.64,25.7206,,,,,,
150,2019-04-16T13:15:27,41.675,-158.04,16.3,4,3,12,9.643,33.346,288.7,0.9272,9.641,25.7205,,,,,,
151,2019-04-16T13:15:29,41.675,-158.04,16.5,4,3,13,9.643,33.346,288.7,0.9296,9.641,25.7205,,,,,,
152,2019-04-16T13:15:33,41.675,-158.04,13.3,4,3,14,9.641,33.346,288.4,0.9186,9.64,25.7207,,,,,,
153,2019-04-16T13:15:36,41.675,-158.04,17.3,4,3,15,9.644,33.346,288.5,0.9402,9.642,25.7203,,,,,,
154,2019-04-16T13:15:39,41.675,-158.04,14.8,4,3,16,9.643,33.346,288.3,0.9274,9.641,25.7204,,,,,,
155,2019-04-16T13:15:43,41.675,-158.04,15.4,4,3,17,9.643,33.346,288.5,0.9242,9.641,25.7204,,,,,,
156,2019-04-16T13:16:53,41.675,-158.04,5.5,4,3,18,9.64,33.346,288.5,0.9037,9.639,25.7207,,,,,,
157,2019-04-16T13:16:56,41.675,-158.04,5.5,4,3,19,9.641,33.346,288.5,0.9034,9.64,25.7206,,,,,,
158,2019-04-16T13:16:58,41.675,-158.04,4.5,4,3,20,9.64,33.346,288.5,0.9104,9.64,25.7207,,,,,,
159,2019-04-16T13:17:00,41.675,-158.04,4.6,4,3,21,9.64,33.346,288.5,0.9103,9.639,25.7207,,,,,,
160,2019-04-16T13:17:03,41.675,-158.04,5.9,4,3,22,9.641,33.346,288.6,0.8993,9.64,25.7206,,,,,,
161,2019-04-16T13:17:05,41.675,-158.04,5.5,4,3,23,9.64,33.346,288.5,0.9037,9.639,25.7207,,,,,,
162,2019-04-16T13:17:07,41.675,-158.04,4.9,4,3,24,9.64,33.346,288.4,0.9096,9.639,25.7207,,,,,,
163,2019-04-16T16:07:34,41.681,-158.05,17.5,4,4,1,9.633,33.345,288.2,0.9119,9.631,25.7213,,,,,,
164,2019-04-16T16:07:56,41.681,-158.05,16.5,4,4,2,9.632,33.345,288.2,0.916,9.63,25.7215,,,,,,
165,2019-04-16T16:08:11,41.681,-158.05,15.3,4,4,3,9.633,33.345,288.0,0.9092,9.631,25.7213,,,,,,
166,2019-04-16T16:08:22,41.681,-158.05,16.5,4,4,4,9.632,33.345,288.2,0.916,9.63,25.7215,,,,,,
167,2019-04-16T16:08:33,41.681,-158.05,17.9,4,4,5,9.633,33.345,288.3,0.9091,9.631,25.7213,,,,,,
168,2019-04-16T16:08:45,41.681,-158.05,17.8,4,4,6,9.633,33.345,288.3,0.9095,9.631,25.7213,,,,,,
169,2019-04-16T16:08:56,41.681,-158.05,17.9,4,4,7,9.633,33.345,288.3,0.9093,9.631,25.7213,,,,,,
170,2019-04-16T16:09:05,41.681,-158.05,17.6,4,4,8,9.633,33.345,288.3,0.9107,9.631,25.7213,,,,,,
171,2019-04-16T16:09:15,41.681,-158.05,16.8,4,4,9,9.632,33.345,288.2,0.9156,9.63,25.7215,,,,,,
172,2019-04-16T16:09:32,41.681,-158.05,15.3,4,4,10,9.633,33.345,288.0,0.9092,9.631,25.7213,,,,,,
173,2019-04-16T16:09:49,41.681,-158.05,15.7,4,4,11,9.633,33.345,288.0,0.9139,9.631,25.7213,,,,,,
174,2019-04-16T16:09:57,41.681,-158.05,15.0,4,4,12,9.633,33.345,287.9,0.9042,9.631,25.7213,,,,,,
175,2019-04-16T16:10:17,41.681,-158.05,17.3,4,4,13,9.632,33.345,288.2,0.9128,9.63,25.7215,,,,,,
176,2019-04-16T16:10:28,41.681,-158.05,18.1,4,4,14,9.633,33.345,288.3,0.9091,9.631,25.7213,,,,,,
177,2019-04-16T16:10:41,41.681,-158.05,16.1,4,4,15,9.633,33.345,288.1,0.9167,9.631,25.7213,,,,,,
178,2019-04-16T16:10:50,41.681,-158.05,16.0,4,4,16,9.633,33.345,288.1,0.9168,9.631,25.7213,,,,,,
179,2019-04-16T16:10:59,41.681,-158.05,16.6,4,4,17,9.632,33.345,288.2,0.9159,9.63,25.7215,,,,,,
180,2019-04-16T16:11:09,41.681,-158.05,17.5,4,4,18,9.633,33.345,288.2,0.9119,9.631,25.7213,,,,,,
181,2019-04-16T16:11:22,41.681,-158.05,16.2,4,4,19,9.633,33.345,288.1,0.9165,9.631,25.7213,,,,,,
182,2019-04-16T16:11:33,41.681,-158.05,15.6,4,4,20,9.633,33.345,288.0,0.9126,9.631,25.7213,,,,,,
183,2019-04-16T16:11:43,41.681,-158.05,16.1,4,4,21,9.633,33.345,288.1,0.9166,9.631,25.7213,,,,,,
184,2019-04-16T16:12:08,41.681,-158.05,17.8,4,4,22,9.633,33.345,288.3,0.9098,9.631,25.7213,,,,,,
185,2019-04-16T16:12:25,41.681,-158.05,16.6,4,4,23,9.632,33.345,288.2,0.9159,9.63,25.7215,,,,,,
186,2019-04-16T16:12:37,41.681,-158.05,18.6,4,4,24,9.634,33.345,288.2,0.909,9.632,25.7212,,,,,,
187,2019-04-16T17:58:13,41.68,-158.05100000000004,98.1,4,6,1,9.279,33.414,280.6,0.4265,9.268,25.834,,,,,,
188,2019-04-16T17:58:34,41.68,-158.05100000000004,100.1,4,6,2,9.281,33.415,280.6,0.4287,9.27,25.8345,,,,,,
189,2019-04-16T17:58:54,41.68,-158.05100000000004,98.9,4,6,3,9.28,33.415,280.6,0.4258,9.269,25.8347,,,,,,
190,2019-04-16T18:00:41,41.68,-158.05100000000004,75.0,4,6,4,9.278,33.401,281.8,0.541,9.27,25.8236,,,,,,
191,2019-04-16T18:01:02,41.68,-158.05100000000004,74.7,4,6,5,9.279,33.401,281.8,0.5378,9.271,25.8235,,,,,,
192,2019-04-16T18:01:21,41.68,-158.05100000000004,74.8,4,6,6,9.279,33.401,281.8,0.5386,9.271,25.8235,,,,,,
193,2019-04-16T18:01:35,41.68,-158.05100000000004,73.6,4,6,7,9.283,33.401,281.9,0.5324,9.275,25.8228,,,,,,
194,2019-04-16T18:01:52,41.68,-158.05100000000004,74.3,4,6,8,9.279,33.401,281.8,0.5347,9.271,25.8235,,,,,,
195,2019-04-16T18:03:40,41.68,-158.05100000000004,48.7,4,6,9,9.348,33.395,283.9,0.8968,9.343,25.8072,,,,,,
196,2019-04-16T18:04:06,41.68,-158.05100000000004,49.5,4,6,10,9.351,33.395,284.0,0.908,9.346,25.8068,,,,,,
197,2019-04-16T18:04:24,41.68,-158.05100000000004,46.6,4,6,11,9.351,33.394,283.8,0.8917,9.346,25.8059,,,,,,
198,2019-04-16T18:04:39,41.68,-158.05100000000004,49.1,4,6,12,9.349,33.395,284.0,0.9013,9.344,25.8071,,,,,,
199,2019-04-16T18:05:00,41.68,-158.05100000000004,49.1,4,6,13,9.349,33.395,284.0,0.9013,9.344,25.8071,,,,,,
200,2019-04-16T18:06:10,41.68,-158.05100000000004,44.2,4,6,14,9.43,33.404,285.0,1.0637,9.425,25.801,,,,,,
201,2019-04-16T18:07:06,41.68,-158.05100000000004,45.4,4,6,15,9.416,33.403,285.0,1.0552,9.411,25.8025,,,,,,
202,2019-04-16T18:07:31,41.68,-158.05100000000004,43.7,4,6,16,9.448,33.405,285.2,1.0949,9.443,25.7988,,,,,,
203,2019-04-16T18:09:23,41.68,-158.05100000000004,25.0,4,6,17,9.582,33.349000000000004,287.7,0.9123,9.579,25.7329,,,,,,
204,2019-04-16T18:09:50,41.68,-158.05100000000004,26.1,4,6,18,9.582,33.349000000000004,288.0,0.9107,9.579,25.733,,,,,,
205,2019-04-16T18:11:05,41.68,-158.05100000000004,17.1,4,6,19,9.572,33.343,288.4,0.8538,9.57,25.7297,,,,,,
206,2019-04-16T18:11:29,41.68,-158.05100000000004,17.3,4,6,20,9.572,33.343,288.4,0.8518,9.57,25.7297,,,,,,
207,2019-04-16T18:11:52,41.68,-158.05100000000004,17.2,4,6,21,9.572,33.343,288.4,0.853,9.57,25.7297,,,,,,
208,2019-04-16T18:12:09,41.68,-158.05100000000004,16.1,4,6,22,9.572,33.343,288.3,0.8477,9.57,25.7297,,,,,,
209,2019-04-16T18:12:32,41.68,-158.05100000000004,15.7,4,6,23,9.572,33.343,288.1,0.8443,9.57,25.7297,,,,,,
210,2019-04-16T18:13:52,41.68,-158.05100000000004,5.0,4,6,24,9.571,33.343,288.4,0.8088,9.57,25.7297,,,,,,
211,2019-04-16T19:34:23,41.679,-158.05200000000005,14.6,4,7,1,9.539,33.342,288.3,0.7459,9.537,25.7343,,,,,,
212,2019-04-16T19:34:41,41.679,-158.05200000000005,14.0,4,7,2,9.538,33.341,288.3,0.73,9.536,25.7337,,,,,,
213,2019-04-16T19:35:01,41.679,-158.05200000000005,14.4,4,7,3,9.539,33.342,288.3,0.7417,9.537,25.7343,,,,,,
214,2019-04-16T19:35:17,41.679,-158.05200000000005,15.3,4,7,4,9.539,33.342,288.3,0.7563,9.537,25.7343,,,,,,
215,2019-04-16T19:35:31,41.679,-158.05200000000005,15.9,4,7,5,9.539,33.342,288.3,0.7568,9.537,25.7343,,,,,,
216,2019-04-16T19:35:52,41.679,-158.05200000000005,15.4,4,7,6,9.539,33.342,288.3,0.7563,9.537,25.7343,,,,,,
217,2019-04-16T19:36:08,41.679,-158.05200000000005,15.3,4,7,7,9.539,33.342,288.3,0.7563,9.537,25.7343,,,,,,
218,2019-04-16T19:36:20,41.679,-158.05200000000005,15.6,4,7,8,9.539,33.342,288.3,0.7565,9.537,25.7343,,,,,,
219,2019-04-16T19:36:31,41.679,-158.05200000000005,16.0,4,7,9,9.539,33.342,288.4,0.7571,9.537,25.7343,,,,,,
220,2019-04-16T19:36:45,41.679,-158.05200000000005,14.6,4,7,10,9.539,33.342,288.3,0.7474,9.537,25.7343,,,,,,
221,2019-04-16T19:37:02,41.679,-158.05200000000005,15.0,4,7,11,9.539,33.342,288.3,0.7562,9.537,25.7343,,,,,,
222,2019-04-16T19:37:15,41.679,-158.05200000000005,16.9,4,7,12,9.539,33.342,288.5,0.7625,9.537,25.7343,,,,,,
223,2019-04-16T19:37:29,41.679,-158.05200000000005,14.1,4,7,13,9.538,33.341,288.3,0.7306,9.536,25.7337,,,,,,
224,2019-04-16T19:37:44,41.679,-158.05200000000005,15.4,4,7,14,9.539,33.342,288.3,0.7564,9.537,25.7343,,,,,,
225,2019-04-16T19:37:54,41.679,-158.05200000000005,14.8,4,7,15,9.539,33.342,288.3,0.7531,9.537,25.7343,,,,,,
226,2019-04-16T19:38:08,41.679,-158.05200000000005,15.2,4,7,16,9.539,33.342,288.3,0.7563,9.537,25.7343,,,,,,
227,2019-04-16T19:38:22,41.679,-158.05200000000005,16.2,4,7,17,9.539,33.342,288.4,0.7586,9.537,25.7343,,,,,,
228,2019-04-16T19:38:39,41.679,-158.05200000000005,14.7,4,7,18,9.539,33.342,288.3,0.7504,9.537,25.7343,,,,,,
229,2019-04-16T23:33:26,41.681,-158.05100000000004,55.9,4,8,1,9.456,33.422,284.4,1.1164,9.45,25.811,,,,,,
230,2019-04-16T23:33:41,41.681,-158.05100000000004,55.2,4,8,2,9.461,33.422,284.4,1.1295,9.455,25.8102,,,,,,
231,2019-04-16T23:33:53,41.681,-158.05100000000004,53.9,4,8,3,9.467,33.422,284.3,1.1294,9.461,25.8092,,,,,,
232,2019-04-16T23:34:15,41.681,-158.05100000000004,56.3,4,8,4,9.452,33.421,284.2,1.0998,9.446,25.8109,,,,,,
233,2019-04-16T23:34:34,41.681,-158.05100000000004,54.7,4,8,5,9.465,33.422,284.4,1.1344,9.459,25.8096,,,,,,
234,2019-04-16T23:34:55,41.681,-158.05100000000004,54.9,4,8,6,9.464,33.422,284.4,1.1324,9.458,25.8097,,,,,,
235,2019-04-16T23:35:14,41.681,-158.05100000000004,55.6,4,8,7,9.458,33.422,284.4,1.1254,9.452,25.8107,,,,,,
236,2019-04-16T23:35:25,41.681,-158.05100000000004,56.4,4,8,8,9.451,33.421,284.2,1.0966,9.445,25.8111,,,,,,
237,2019-04-16T23:35:38,41.681,-158.05100000000004,54.3,4,8,9,9.467,33.422,284.4,1.133,9.461,25.8092,,,,,,
238,2019-04-16T23:38:56,41.681,-158.05100000000004,16.5,4,8,10,9.585,33.339,289.3,0.8347,9.583,25.7245,,,,,,
239,2019-04-16T23:39:16,41.681,-158.05100000000004,16.5,4,8,11,9.585,33.339,289.3,0.8345,9.583,25.7245,,,,,,
240,2019-04-16T23:39:28,41.681,-158.05100000000004,15.4,4,8,12,9.584,33.339,289.5,0.8452,9.582,25.7246,,,,,,
241,2019-04-16T23:39:40,41.681,-158.05100000000004,15.7,4,8,13,9.584,33.339,289.5,0.8458,9.582,25.7246,,,,,,
242,2019-04-16T23:40:03,41.681,-158.05100000000004,16.0,4,8,14,9.584,33.339,289.4,0.8439,9.582,25.7246,,,,,,
243,2019-04-16T23:40:17,41.681,-158.05100000000004,15.3,4,8,15,9.583,33.339,289.5,0.8449,9.581,25.7248,,,,,,
244,2019-04-16T23:40:29,41.681,-158.05100000000004,15.7,4,8,16,9.584,33.339,289.5,0.8458,9.582,25.7246,,,,,,
245,2019-04-16T23:40:46,41.681,-158.05100000000004,15.5,4,8,17,9.584,33.339,289.5,0.8454,9.582,25.7246,,,,,,
246,2019-04-16T23:41:06,41.681,-158.05100000000004,15.7,4,8,18,9.584,33.339,289.4,0.846,9.582,25.7246,,,,,,
247,2019-04-16T23:43:31,41.681,-158.05100000000004,6.1,4,8,19,9.609,33.338,289.4,0.5969,9.608,25.7196,,,,,,
248,2019-04-16T23:43:51,41.681,-158.05100000000004,5.5,4,8,20,9.609,33.338,289.4,0.5956,9.608,25.7196,,,,,,
249,2019-04-16T23:44:06,41.681,-158.05100000000004,5.2,4,8,21,9.61,33.338,289.3,0.5937,9.609,25.7194,,,,,,
250,2019-04-16T23:44:24,41.681,-158.05100000000004,4.7,4,8,22,9.611,33.338,289.3,0.5891,9.61,25.7192,,,,,,
251,2019-04-16T23:44:37,41.681,-158.05100000000004,5.5,4,8,23,9.609,33.338,289.4,0.5956,9.608,25.7196,,,,,,
252,2019-04-16T23:44:53,41.681,-158.05100000000004,5.6,4,8,24,9.609,33.338,289.4,0.5959,9.608,25.7196,,,,,,
253,2019-04-17T01:32:27,41.681,-158.05100000000004,397.8,4,10,1,6.16,33.991,144.9,0.194,6.125,26.7397,,,,,,
254,2019-04-17T01:35:10,41.681,-158.05100000000004,347.4,4,10,2,6.686,33.982,161.6,0.1902,6.654,26.6638,,,,,,
255,2019-04-17T01:38:30,41.681,-158.05100000000004,297.3,4,10,3,7.52,33.974000000000004,197.3,0.1876,7.491,26.5422,,,,,,
256,2019-04-17T01:41:08,41.681,-158.05100000000004,248.7,4,10,4,8.345,34.008,218.7,0.1867,8.318999999999999,26.4472,,,,,,
257,2019-04-17T01:43:50,41.681,-158.05100000000004,199.4,4,10,5,9.27,34.074,224.4,0.1902,9.248,26.3536,,,,,,
258,2019-04-17T01:45:46,41.681,-158.05100000000004,174.6,4,10,6,9.723,34.072,228.2,0.1991,9.703,26.2775,,,,,,
259,2019-04-17T01:47:47,41.681,-158.05100000000004,149.5,4,10,7,9.461,33.684,256.9,0.273,9.444,26.0168,,,,,,
260,2019-04-17T01:49:45,41.681,-158.05100000000004,125.0,4,10,8,9.322,33.452,277.5,0.3775,9.308,25.8573,,0.68,8.97,,,
261,2019-04-17T01:51:57,41.681,-158.05100000000004,99.8,4,10,9,9.368,33.427,280.5,0.5066,9.357,25.8299,,0.65,8.48,,,
262,2019-04-17T01:53:54,41.681,-158.05100000000004,78.7,4,10,10,9.389,33.423,281.4,0.5293,9.38,25.8231,,0.66,8.48,,,
263,2019-04-17T01:55:32,41.681,-158.05100000000004,75.5,4,10,11,9.344,33.412,281.8,0.5692,9.336,25.8216,,0.67,8.44,,,
264,2019-04-17T01:56:56,41.681,-158.05100000000004,69.3,4,10,12,9.324,33.406,281.5,0.5605,9.316,25.8201,,0.68,8.45,,,
265,2019-04-17T01:58:08,41.681,-158.05100000000004,65.0,4,10,13,9.301,33.399,282.4,0.6406,9.294,25.8182,,0.67,8.36,,,
266,2019-04-17T01:59:36,41.681,-158.05100000000004,59.0,4,10,14,9.394,33.415,282.4,0.7146,9.388,25.8156,,0.65,8.23,,,
267,2019-04-17T02:01:14,41.681,-158.05100000000004,53.8,4,10,15,9.428,33.417,283.5,0.8928,9.422,25.8116,,0.65,8.12,,,
268,2019-04-17T02:03:13,41.681,-158.05100000000004,49.5,4,10,16,9.444,33.416,284.6,1.0759,9.439,25.8082,,0.65,8.01,,,
269,2019-04-17T02:04:40,41.681,-158.05100000000004,44.8,4,10,17,9.392,33.402,284.7,1.03,9.387,25.8056,,0.65,8.07,,,
270,2019-04-17T02:05:53,41.681,-158.05100000000004,39.1,4,10,18,9.391,33.401,284.7,1.0241,9.387,25.8048,,0.65,8.08,,,
271,2019-04-17T02:07:22,41.681,-158.05100000000004,33.9,4,10,19,9.482,33.399,286.8,1.1149,9.478,25.7885,,0.63,8.04,,,
272,2019-04-17T02:09:08,41.681,-158.05100000000004,29.7,4,10,20,9.549,33.384,288.2,1.1468,9.546,25.7658,,0.64,8.44,,,
273,2019-04-17T02:10:27,41.681,-158.05100000000004,24.5,4,10,21,9.614,33.352,289.6,1.0590000000000002,9.611,25.73,,0.64,8.74,,,
274,2019-04-17T02:11:48,41.681,-158.05100000000004,15.4,4,10,22,9.627,33.344,289.7,0.6862,9.625,25.7215,,0.64,8.83,,,
275,2019-04-17T02:13:08,41.681,-158.05100000000004,4.5,4,10,23,9.71,33.34,289.0,0.4443,9.71,25.7045,,0.65,8.86,,,
276,2019-04-17T03:33:23,41.682,-158.05,197.3,4,11,1,9.256,34.072,224.8,0.1939,9.234,26.3543,,,,,,
277,2019-04-17T03:40:00,41.682,-158.05,14.8,4,11,2,9.666,33.352,289.7,1.0202,9.664,25.7213,,,,,,
278,2019-04-17T03:40:26,41.682,-158.05,15.1,4,11,3,9.666,33.352,289.7,1.0206,9.664,25.7213,,,,,,
279,2019-04-17T03:40:40,41.682,-158.05,14.8,4,11,4,9.666,33.352,289.7,1.0199,9.664,25.7213,,,,,,
280,2019-04-17T03:40:54,41.682,-158.05,13.6,4,11,5,9.665,33.352,289.5,1.0107,9.663,25.7215,,,,,,
281,2019-04-17T03:41:07,41.682,-158.05,15.0,4,11,6,9.666,33.352,289.7,1.0207,9.664,25.7213,,,,,,
282,2019-04-17T03:41:18,41.682,-158.05,13.3,4,11,7,9.664,33.352,289.5,1.0075,9.663,25.7216,,,,,,
283,2019-04-17T03:41:28,41.682,-158.05,13.2,4,11,8,9.664,33.352,289.5,1.0066,9.663,25.7216,,,,,,
284,2019-04-17T03:41:44,41.682,-158.05,14.1,4,11,9,9.665,33.352,289.5,1.015,9.663,25.7215,,,,,,
285,2019-04-17T03:41:57,41.682,-158.05,15.3,4,11,10,9.666,33.352,289.8,1.0205,9.664,25.7213,,,,,,
286,2019-04-17T03:42:13,41.682,-158.05,14.5,4,11,11,9.666,33.352,289.6,1.0177,9.664,25.7213,,,,,,
287,2019-04-17T03:42:35,41.682,-158.05,15.6,4,11,12,9.665,33.352,289.8,1.0203,9.663,25.7215,,,,,,
288,2019-04-17T03:42:46,41.682,-158.05,15.2,4,11,13,9.666,33.352,289.7,1.0205,9.664,25.7213,,,,,,
289,2019-04-17T03:43:05,41.682,-158.05,15.6,4,11,14,9.665,33.352,289.8,1.0203,9.663,25.7215,,,,,,
290,2019-04-17T03:43:16,41.682,-158.05,13.9,4,11,15,9.665,33.352,289.5,1.0137,9.663,25.7215,,,,,,
291,2019-04-17T03:43:29,41.682,-158.05,14.8,4,11,16,9.666,33.352,289.7,1.0199,9.664,25.7213,,,,,,
292,2019-04-17T03:43:43,41.682,-158.05,15.7,4,11,17,9.665,33.352,289.8,1.0202,9.663,25.7215,,,,,,
293,2019-04-17T03:43:54,41.682,-158.05,15.6,4,11,18,9.665,33.352,289.8,1.0203,9.663,25.7215,,,,,,
294,2019-04-17T09:07:06,41.648,-157.917,13.9,4,13,1,9.657,33.342,288.8,0.8372,9.655,25.715,,,,,,
295,2019-04-17T09:07:18,41.648,-157.917,13.2,4,13,2,9.659,33.342,288.6,0.8308,9.658,25.7146,,,,,,
296,2019-04-17T09:07:21,41.648,-157.917,16.2,4,13,3,9.653,33.343,289.0,0.8349,9.651,25.7165,,,,,,
297,2019-04-17T09:07:25,41.648,-157.917,14.4,4,13,4,9.657,33.342,288.8,0.8356,9.655,25.715,,,,,,
298,2019-04-17T09:07:27,41.648,-157.917,13.9,4,13,5,9.657,33.342,288.8,0.8369,9.655,25.715,,,,,,
299,2019-04-17T09:07:31,41.648,-157.917,15.7,4,13,6,9.655,33.343,288.9,0.8281,9.653,25.7161,,,,,,
300,2019-04-17T09:07:33,41.648,-157.917,15.0,4,13,7,9.657,33.342,288.8,0.8333,9.655,25.715,,,,,,
301,2019-04-17T09:07:37,41.648,-157.917,13.8,4,13,8,9.657,33.342,288.7,0.8361,9.655,25.715,,,,,,
302,2019-04-17T09:07:40,41.648,-157.917,16.1,4,13,9,9.653,33.343,289.0,0.8325,9.651,25.7165,,,,,,
303,2019-04-17T09:07:43,41.648,-157.917,14.8,4,13,10,9.657,33.342,288.8,0.8344,9.655,25.715,,,,,,
304,2019-04-17T09:07:47,41.648,-157.917,14.4,4,13,11,9.657,33.342,288.8,0.8354,9.655,25.715,,,,,,
305,2019-04-17T09:10:59,41.648,-157.917,14.3,4,13,12,9.657,33.342,288.8,0.8357,9.655,25.715,,,,,,
306,2019-04-17T12:47:47,41.618,-157.93,99.7,4,15,1,9.288,33.41,280.6,0.4345,9.277,25.8295,,,,,,
307,2019-04-17T12:47:50,41.618,-157.93,99.8,4,15,2,9.288,33.41,280.6,0.4353,9.277,25.8295,,,,,,
308,2019-04-17T12:49:50,41.618,-157.93,75.4,4,15,3,9.327,33.396,282.3,0.6482,9.319,25.8119,,,,,,
309,2019-04-17T12:49:54,41.618,-157.93,75.4,4,15,4,9.327,33.396,282.3,0.648,9.319,25.8119,,,,,,
310,2019-04-17T12:53:20,41.618,-157.93,46.4,4,15,5,9.356,33.393,283.6,0.9515,9.351,25.8043,,,,,,
311,2019-04-17T12:53:25,41.618,-157.93,44.5,4,15,6,9.36,33.393,283.8,0.9817,9.355,25.8037,,,,,,
312,2019-04-17T12:55:41,41.618,-157.93,25.5,4,15,7,9.635,33.35,288.0,0.8932,9.632,25.7251,,,,,,
313,2019-04-17T12:55:48,41.618,-157.93,25.1,4,15,8,9.635,33.35,288.0,0.8939,9.632,25.725,,,,,,
314,2019-04-17T12:57:16,41.618,-157.93,14.9,4,15,9,9.637,33.349000000000004,288.3,0.8579,9.635,25.7238,,,,,,
315,2019-04-17T12:57:22,41.618,-157.93,15.7,4,15,10,9.638,33.348,288.4,0.862,9.636,25.7228,,,,,,
316,2019-04-17T12:57:24,41.618,-157.93,14.4,4,15,11,9.638,33.348,288.2,0.8578,9.636,25.7228,,,,,,
317,2019-04-17T12:57:27,41.618,-157.93,15.6,4,15,12,9.638,33.348,288.4,0.8615,9.636,25.7228,,,,,,
318,2019-04-17T12:57:30,41.618,-157.93,16.2,4,15,13,9.638,33.348,288.5,0.8653,9.636,25.7228,,,,,,
319,2019-04-17T12:57:34,41.618,-157.93,16.3,4,15,14,9.638,33.348,288.5,0.866,9.636,25.7228,,,,,,
320,2019-04-17T12:57:38,41.618,-157.93,15.4,4,15,15,9.637,33.349000000000004,288.3,0.8602,9.635,25.7238,,,,,,
321,2019-04-17T12:57:47,41.618,-157.93,15.3,4,15,16,9.637,33.349000000000004,288.3,0.8597,9.635,25.7238,,,,,,
322,2019-04-17T12:57:52,41.618,-157.93,15.4,4,15,17,9.637,33.349000000000004,288.3,0.8603,9.635,25.7238,,,,,,
323,2019-04-17T12:59:46,41.618,-157.93,5.3,4,15,18,9.637,33.348,288.1,0.8405,9.636,25.7228,,,,,,
324,2019-04-17T12:59:48,41.618,-157.93,7.6,4,15,19,9.637,33.348,288.4,0.8522,9.636,25.7228,,,,,,
325,2019-04-17T12:59:53,41.618,-157.93,5.5,4,15,20,9.637,33.348,288.2,0.8424,9.636,25.7228,,,,,,
326,2019-04-17T12:59:57,41.618,-157.93,5.9,4,15,21,9.637,33.348,288.2,0.8469,9.636,25.7228,,,,,,
327,2019-04-17T13:00:00,41.618,-157.93,7.7,4,15,22,9.637,33.348,288.4,0.8526,9.636,25.7228,,,,,,
328,2019-04-17T13:00:04,41.618,-157.93,6.1,4,15,23,9.637,33.348,288.2,0.8476,9.636,25.7228,,,,,,
329,2019-04-17T13:00:13,41.618,-157.93,7.0,4,15,24,9.637,33.348,288.3,0.8462,9.636,25.7228,,,,,,
330,2019-04-17T15:56:29,41.618,-157.937,15.1,4,16,1,9.638,33.343,288.3,0.8814,9.636,25.7189,,,,,,
331,2019-04-17T15:56:53,41.618,-157.937,15.9,4,16,2,9.638,33.343,288.3,0.8903,9.636,25.7189,,,,,,
332,2019-04-17T15:57:06,41.618,-157.937,15.3,4,16,3,9.638,33.343,288.3,0.8835,9.636,25.7189,,,,,,
333,2019-04-17T15:57:35,41.618,-157.937,15.6,4,16,4,9.638,33.343,288.3,0.887,9.636,25.7189,,,,,,
334,2019-04-17T15:57:42,41.618,-157.937,14.1,4,16,5,9.638,33.343,288.3,0.8739,9.636,25.7189,,,,,,
335,2019-04-17T15:57:52,41.618,-157.937,15.0,4,16,6,9.638,33.343,288.3,0.8797,9.636,25.7189,,,,,,
336,2019-04-17T15:58:09,41.618,-157.937,16.7,4,16,7,9.638,33.342,288.4,0.8901,9.636,25.7182,,,,,,
337,2019-04-17T15:58:38,41.618,-157.937,16.0,4,16,8,9.638,33.343,288.3,0.8903,9.636,25.7189,,,,,,
338,2019-04-17T15:58:49,41.618,-157.937,16.5,4,16,9,9.638,33.342,288.4,0.8902,9.636,25.7181,,,,,,
339,2019-04-17T15:59:18,41.618,-157.937,15.8,4,16,10,9.638,33.343,288.3,0.8891,9.636,25.7189,,,,,,
340,2019-04-17T15:59:28,41.618,-157.937,15.1,4,16,11,9.638,33.343,288.3,0.8803,9.636,25.7189,,,,,,
341,2019-04-17T15:59:38,41.618,-157.937,15.1,4,16,12,9.638,33.343,288.3,0.8802,9.636,25.7189,,,,,,
342,2019-04-17T15:59:48,41.618,-157.937,15.3,4,16,13,9.638,33.343,288.3,0.8832,9.636,25.7189,,,,,,
343,2019-04-17T15:59:59,41.618,-157.937,15.6,4,16,14,9.638,33.343,288.3,0.8865,9.636,25.7189,,,,,,
344,2019-04-17T16:00:14,41.618,-157.937,15.9,4,16,15,9.638,33.343,288.3,0.8898,9.636,25.7189,,,,,,
345,2019-04-17T16:00:24,41.618,-157.937,15.0,4,16,16,9.638,33.343,288.3,0.8792,9.636,25.7189,,,,,,
346,2019-04-17T16:00:48,41.618,-157.937,16.3,4,16,17,9.638,33.343,288.4,0.8902,9.636,25.7189,,,,,,
347,2019-04-17T16:01:10,41.618,-157.937,17.0,4,16,18,9.638,33.342,288.4,0.8903,9.636,25.7182,,,,,,
348,2019-04-17T16:01:16,41.618,-157.937,14.6,4,16,19,9.638,33.343,288.3,0.8765,9.636,25.7189,,,,,,
349,2019-04-17T16:01:26,41.618,-157.937,15.3,4,16,20,9.638,33.343,288.3,0.8838,9.636,25.7189,,,,,,
350,2019-04-17T16:01:35,41.618,-157.937,15.3,4,16,21,9.638,33.343,288.3,0.8827,9.636,25.7189,,,,,,
351,2019-04-17T16:01:52,41.618,-157.937,16.1,4,16,22,9.638,33.343,288.4,0.8902,9.636,25.7189,,,,,,
352,2019-04-17T16:02:01,41.618,-157.937,15.4,4,16,23,9.638,33.343,288.3,0.8843,9.636,25.7189,,,,,,
353,2019-04-17T16:02:10,41.618,-157.937,14.8,4,16,24,9.638,33.343,288.3,0.8777,9.636,25.7189,,,,,,
354,2019-04-17T19:48:30,41.653,-157.936,15.5,4,18,1,9.594,33.348,288.9,0.5117,9.592,25.73,,,,,,
355,2019-04-17T19:48:48,41.653,-157.936,15.5,4,18,2,9.594,33.348,288.9,0.5117,9.592,25.73,,,,,,
356,2019-04-17T19:48:54,41.653,-157.936,14.6,4,18,3,9.594,33.348,288.9,0.5081,9.592,25.73,,,,,,
357,2019-04-17T19:49:01,41.653,-157.936,15.5,4,18,4,9.594,33.348,288.9,0.5117,9.592,25.73,,,,,,
358,2019-04-17T19:49:09,41.653,-157.936,15.0,4,18,5,9.594,33.348,288.9,0.5157,9.592,25.73,,,,,,
359,2019-04-17T19:49:15,41.653,-157.936,15.8,4,18,6,9.594,33.348,289.0,0.5092,9.592,25.73,,,,,,
360,2019-04-17T19:49:42,41.653,-157.936,16.8,4,18,7,9.595,33.348,289.0,0.506,9.593,25.7299,,,,,,
361,2019-04-17T19:49:51,41.653,-157.936,16.1,4,18,8,9.594,33.348,289.0,0.508,9.592,25.73,,,,,,
362,2019-04-17T19:50:03,41.653,-157.936,15.3,4,18,9,9.594,33.348,288.9,0.5132,9.592,25.73,,,,,,
363,2019-04-17T19:50:13,41.653,-157.936,15.4,4,18,10,9.594,33.348,288.9,0.5126,9.592,25.73,,,,,,
364,2019-04-17T19:50:33,41.653,-157.936,16.2,4,18,11,9.594,33.348,289.0,0.5077,9.592,25.73,,,,,,
365,2019-04-17T19:50:43,41.653,-157.936,16.0,4,18,12,9.594,33.348,289.0,0.5085,9.592,25.73,,,,,,
366,2019-04-17T19:50:52,41.653,-157.936,15.7,4,18,13,9.594,33.348,288.9,0.5106,9.592,25.73,,,,,,
367,2019-04-17T19:51:01,41.653,-157.936,15.5,4,18,14,9.594,33.348,288.9,0.5117,9.592,25.73,,,,,,
368,2019-04-17T19:51:14,41.653,-157.936,14.7,4,18,15,9.594,33.348,288.9,0.5105,9.592,25.73,,,,,,
369,2019-04-17T19:51:20,41.653,-157.936,15.1,4,18,16,9.594,33.348,288.9,0.5149,9.592,25.73,,,,,,
370,2019-04-17T19:51:26,41.653,-157.936,15.5,4,18,17,9.594,33.348,288.9,0.5117,9.592,25.73,,,,,,
371,2019-04-17T19:51:37,41.653,-157.936,15.4,4,18,18,9.594,33.348,288.9,0.5124,9.592,25.73,,,,,,
372,2019-04-17T23:35:54,41.654,-157.944,14.8,4,19,1,9.621,33.343,290.6,0.5977,9.619,25.7217,,,,,,
373,2019-04-17T23:36:14,41.654,-157.944,15.1,4,19,2,9.62,33.343,290.6,0.5987,9.618,25.7219,,,,,,
374,2019-04-17T23:36:21,41.654,-157.944,15.5,4,19,3,9.62,33.343,290.6,0.6026,9.618,25.7219,,,,,,
375,2019-04-17T23:36:32,41.654,-157.944,15.6,4,19,4,9.62,33.343,290.6,0.6035,9.618,25.7219,,,,,,
376,2019-04-17T23:36:39,41.654,-157.944,15.1,4,19,5,9.62,33.343,290.6,0.5987,9.618,25.7219,,,,,,
377,2019-04-17T23:36:48,41.654,-157.944,15.3,4,19,6,9.62,33.343,290.6,0.6001,9.618,25.7219,,,,,,
378,2019-04-17T23:36:54,41.654,-157.944,15.4,4,19,7,9.62,33.343,290.6,0.6016,9.618,25.7219,,,,,,
379,2019-04-17T23:37:03,41.654,-157.944,14.9,4,19,8,9.621,33.343,290.6,0.5963,9.619,25.7217,,,,,,
380,2019-04-17T23:37:15,41.654,-157.944,14.4,4,19,9,9.621,33.343,290.6,0.6014,9.619,25.7217,,,,,,
381,2019-04-17T23:37:31,41.654,-157.944,15.3,4,19,10,9.62,33.343,290.6,0.6006,9.618,25.7219,,,,,,
382,2019-04-17T23:37:36,41.654,-157.944,16.3,4,19,11,9.618,33.343,290.7,0.6101,9.616,25.7222,,,,,,
383,2019-04-17T23:37:41,41.654,-157.944,15.1,4,19,12,9.621,33.343,290.6,0.5982,9.619,25.7217,,,,,,
384,2019-04-17T23:37:47,41.654,-157.944,16.5,4,19,13,9.617,33.343,290.7,0.6125,9.615,25.7224,,,,,,
385,2019-04-17T23:37:53,41.654,-157.944,15.0,4,19,14,9.621,33.343,290.6,0.5973,9.619,25.7217,,,,,,
386,2019-04-17T23:37:59,41.654,-157.944,16.6,4,19,15,9.617,33.343,290.7,0.6135,9.615,25.7224,,,,,,
387,2019-04-17T23:38:06,41.654,-157.944,15.8,4,19,16,9.619,33.343,290.6,0.6053,9.617,25.722,,,,,,
388,2019-04-17T23:38:12,41.654,-157.944,15.8,4,19,17,9.619,33.343,290.6,0.6049,9.617,25.722,,,,,,
389,2019-04-17T23:38:17,41.654,-157.944,15.8,4,19,18,9.619,33.343,290.6,0.6054,9.617,25.722,,,,,,
390,2019-04-18T03:25:31,41.608,-157.903,13.9,4,21,1,9.726,33.34,290.1,0.7749,9.724,25.7021,,,,,,
391,2019-04-18T03:25:34,41.608,-157.903,16.9,4,21,2,9.691,33.341,290.5,0.76,9.689,25.7087,,,,,,
392,2019-04-18T03:25:36,41.608,-157.903,14.9,4,21,3,9.715,33.341,290.0,0.7832,9.713,25.7047,,,,,,
393,2019-04-18T03:25:38,41.608,-157.903,13.4,4,21,4,9.727,33.341,290.1,0.774,9.726,25.7027,,,,,,
394,2019-04-18T03:25:41,41.608,-157.903,14.5,4,21,5,9.719,33.341,290.0,0.7801,9.717,25.704,,,,,,
395,2019-04-18T03:25:43,41.608,-157.903,15.5,4,21,6,9.707,33.341,290.1,0.7811,9.705,25.706,,,,,,
396,2019-04-18T03:25:45,41.608,-157.903,14.8,4,21,7,9.716,33.341,290.0,0.7825,9.714,25.7045,,,,,,
397,2019-04-18T03:25:47,41.608,-157.903,14.6,4,21,8,9.718,33.341,290.0,0.7808,9.716,25.7042,,,,,,
398,2019-04-18T03:25:49,41.608,-157.903,16.0,4,21,9,9.701,33.341,290.1,0.7776,9.699,25.707,,,,,,
399,2019-04-18T03:25:52,41.608,-157.903,14.8,4,21,10,9.716,33.341,290.0,0.7828,9.714,25.7045,,,,,,
400,2019-04-18T03:25:54,41.608,-157.903,13.0,4,21,11,9.729,33.341,290.1,0.7733,9.728,25.7023,,,,,,
401,2019-04-18T03:25:57,41.608,-157.903,15.7,4,21,12,9.704,33.341,290.1,0.7803,9.702,25.7065,,,,,,
402,2019-04-18T03:25:59,41.608,-157.903,15.8,4,21,13,9.703,33.341,290.1,0.7799,9.701,25.7067,,,,,,
403,2019-04-18T03:26:02,41.608,-157.903,14.4,4,21,14,9.721,33.341,290.0,0.7792,9.719,25.7037,,,,,,
404,2019-04-18T03:26:04,41.608,-157.903,14.3,4,21,15,9.721,33.34,290.1,0.7788,9.719,25.7029,,,,,,
405,2019-04-18T03:26:07,41.608,-157.903,15.0,4,21,16,9.714,33.341,290.0,0.7831,9.712,25.7049,,,,,,
406,2019-04-18T03:26:09,41.608,-157.903,15.4,4,21,17,9.709,33.341,290.0,0.7816,9.707,25.7057,,,,,,
407,2019-04-18T03:26:14,41.608,-157.903,15.2,4,21,18,9.711,33.341,290.0,0.7824,9.709,25.7054,,,,,,
408,2019-04-18T07:19:39,41.636,-157.909,16.0,4,23,1,9.594,33.341,290.2,0.9574,9.592,25.7246,,,,,,
409,2019-04-18T07:19:56,41.636,-157.909,14.7,4,23,2,9.601,33.34,290.3,0.9576,9.599,25.7226,,,,,,
410,2019-04-18T07:20:20,41.636,-157.909,15.2,4,23,3,9.598,33.34,290.3,0.9552,9.596,25.7231,,,,,,
411,2019-04-18T07:20:41,41.636,-157.909,15.3,4,23,4,9.598,33.34,290.3,0.9553,9.596,25.7231,,,,,,
412,2019-04-18T07:20:53,41.636,-157.909,15.2,4,23,5,9.599,33.34,290.3,0.9551,9.597,25.7229,,,,,,
413,2019-04-18T07:21:05,41.636,-157.909,14.3,4,23,6,9.604,33.34,290.2,0.9655,9.602,25.7221,,,,,,
414,2019-04-18T07:21:22,41.636,-157.909,15.9,4,23,7,9.595,33.341,290.2,0.9558,9.593,25.7244,,,,,,
415,2019-04-18T07:21:31,41.636,-157.909,15.6,4,23,8,9.596,33.341,290.3,0.9556,9.594,25.7242,,,,,,
416,2019-04-18T07:21:42,41.636,-157.909,15.5,4,23,9,9.597,33.341,290.3,0.9554,9.595,25.7241,,,,,,
417,2019-04-18T07:21:55,41.636,-157.909,14.4,4,23,10,9.603,33.34,290.3,0.9632,9.601,25.7223,,,,,,
418,2019-04-18T07:22:06,41.636,-157.909,14.6,4,23,11,9.602,33.34,290.3,0.9595,9.6,25.7224,,,,,,
419,2019-04-18T11:20:58,41.599,-157.923,15.2,4,25,1,9.703,33.346,288.3,0.857,9.701,25.7106,,,,,,
420,2019-04-18T11:21:17,41.599,-157.923,15.5,4,25,2,9.703,33.346,288.3,0.8523,9.701,25.7106,,,,,,
421,2019-04-18T11:21:28,41.599,-157.923,14.8,4,25,3,9.703,33.346,288.2,0.8609,9.701,25.7106,,,,,,
422,2019-04-18T11:21:37,41.599,-157.923,14.4,4,25,4,9.703,33.346,288.1,0.8557,9.701,25.7106,,,,,,
423,2019-04-18T11:22:05,41.599,-157.923,15.9,4,25,5,9.703,33.346,288.4,0.8448,9.701,25.7106,,,,,,
424,2019-04-18T11:22:16,41.599,-157.923,16.5,4,25,6,9.704,33.346,288.5,0.8512,9.702,25.7104,,,,,,
425,2019-04-18T11:22:35,41.599,-157.923,16.3,4,25,7,9.703,33.346,288.5,0.8484,9.701,25.7106,,,,,,
426,2019-04-18T11:22:46,41.599,-157.923,16.1,4,25,8,9.703,33.346,288.5,0.8464,9.701,25.7106,,,,,,
427,2019-04-18T11:23:01,41.599,-157.923,16.3,4,25,9,9.703,33.346,288.5,0.8484,9.701,25.7106,,,,,,
428,2019-04-18T13:06:50,41.6,-157.921,492.7,4,27,1,5.037,34.03,106.4,0.1952,4.998,26.9066,,,,,,
429,2019-04-18T13:06:54,41.6,-157.921,493.6,4,27,2,5.034,34.031,106.3,0.1952,4.995,26.9078,,,,,,
430,2019-04-18T13:06:57,41.6,-157.921,493.1,4,27,3,5.0360000000000005,34.031,106.3,0.1952,4.997,26.9075,,,,,,
431,2019-04-18T13:07:00,41.6,-157.921,493.6,4,27,4,5.034,34.031,106.3,0.1952,4.995,26.9078,,,,,,
432,2019-04-18T13:07:03,41.6,-157.921,494.4,4,27,5,5.035,34.031,106.4,0.1957,4.996,26.9077,,,,,,
433,2019-04-18T13:07:06,41.6,-157.921,491.6,4,27,6,5.039,34.03,106.4,0.1954,5.0,26.9064,,,,,,
434,2019-04-18T13:07:10,41.6,-157.921,494.2,4,27,7,5.035,34.031,106.4,0.1956,4.996,26.9077,,,,,,
435,2019-04-18T13:15:55,41.6,-157.921,296.7,4,27,8,7.495,33.976,194.7,0.1893,7.466,26.5473,,,,,,
436,2019-04-18T13:15:57,41.6,-157.921,296.8,4,27,9,7.497000000000001,33.976,194.8,0.1892,7.468,26.547,,,,,,
437,2019-04-18T13:16:00,41.6,-157.921,297.7,4,27,10,7.505,33.975,195.0,0.1881,7.476,26.5451,,,,,,
438,2019-04-18T13:16:02,41.6,-157.921,296.9,4,27,11,7.497999999999998,33.976,194.8,0.1891,7.4689999999999985,26.5469,,,,,,
439,2019-04-18T13:16:05,41.6,-157.921,297.4,4,27,12,7.506,33.975,195.0,0.1886,7.477,26.545,,,,,,
440,2019-04-18T13:16:07,41.6,-157.921,298.2,4,27,13,7.502999999999999,33.976,195.0,0.1873,7.474,26.5462,,,,,,
441,2019-04-18T13:16:10,41.6,-157.921,297.0,4,27,14,7.501,33.975,194.9,0.189,7.472,26.5457,,,,,,
442,2019-04-18T13:23:53,41.6,-157.921,125.7,4,27,15,9.296,33.461,275.1,0.3059,9.282,25.8686,,,,,,
443,2019-04-18T13:23:57,41.6,-157.921,123.6,4,27,16,9.292,33.457,275.4,0.3098,9.279,25.866,,,,,,
444,2019-04-18T13:24:01,41.6,-157.921,124.5,4,27,17,9.294,33.459,275.4,0.3074,9.28,25.8673,,,,,,
445,2019-04-18T13:24:04,41.6,-157.921,125.7,4,27,18,9.296,33.461,275.2,0.306,9.282,25.8686,,,,,,
446,2019-04-18T13:27:38,41.6,-157.921,68.9,4,27,19,9.331,33.393,282.0,0.6165,9.323,25.8088,,,,,,
447,2019-04-18T13:27:52,41.6,-157.921,70.8,4,27,20,9.33,33.393,282.1,0.6223,9.322,25.809,,,,,,
448,2019-04-18T13:27:55,41.6,-157.921,70.1,4,27,21,9.33,33.393,282.1,0.6181,9.322,25.8089,,,,,,
449,2019-04-18T13:30:01,41.6,-157.921,39.5,4,27,22,9.387,33.391,285.8,1.2936,9.383,25.7977,,,,,,
450,2019-04-18T13:30:04,41.6,-157.921,40.8,4,27,23,9.387,33.391,286.0,1.2775,9.383,25.7977,,,,,,
451,2019-04-18T13:30:09,41.6,-157.921,39.5,4,27,24,9.387,33.391,285.8,1.2936,9.383,25.7977,,,,,,
452,2019-04-18T15:22:22,41.592,-157.91299999999995,15.2,4,28,1,9.724,33.342,288.5,0.8311,9.722,25.704,,,,,,
453,2019-04-18T15:22:29,41.592,-157.91299999999995,15.7,4,28,2,9.721,33.342,288.7,0.8407,9.719,25.7045,,,,,,
454,2019-04-18T15:22:33,41.592,-157.91299999999995,14.9,4,28,3,9.725,33.342,288.5,0.8268,9.723,25.7038,,,,,,
455,2019-04-18T15:22:36,41.592,-157.91299999999995,16.5,4,28,4,9.714,33.341,288.8,0.8656,9.712,25.7049,,,,,,
456,2019-04-18T15:22:39,41.592,-157.91299999999995,15.5,4,28,5,9.722,33.342,288.6,0.8381,9.72,25.7043,,,,,,
457,2019-04-18T15:22:42,41.592,-157.91299999999995,14.7,4,28,6,9.726,33.342,288.4,0.8238,9.724,25.7037,,,,,,
458,2019-04-18T15:22:46,41.592,-157.91299999999995,16.3,4,28,7,9.716,33.342,288.7,0.8590000000000001,9.714,25.7053,,,,,,
459,2019-04-18T15:22:49,41.592,-157.91299999999995,15.7,4,28,8,9.721,33.342,288.7,0.8411,9.719,25.7045,,,,,,
460,2019-04-18T15:22:54,41.592,-157.91299999999995,15.6,4,28,9,9.722,33.342,288.6,0.8392,9.72,25.7043,,,,,,
461,2019-04-18T15:23:01,41.592,-157.91299999999995,15.9,4,28,10,9.72,33.342,288.7,0.8458,9.718,25.7047,,,,,,
462,2019-04-18T15:25:05,41.592,-157.91299999999995,4.8,4,28,11,9.767,33.344,288.1,0.7279,9.766,25.6983,,,,,,
463,2019-04-18T15:25:23,41.592,-157.91299999999995,6.1,4,28,12,9.765,33.344,288.3,0.7374,9.764,25.6986,,,,,,
464,2019-04-18T15:25:32,41.592,-157.91299999999995,5.2,4,28,13,9.767,33.344,288.2,0.7283,9.766,25.6983,,,,,,
465,2019-04-18T15:25:51,41.592,-157.91299999999995,5.2,4,28,14,9.767,33.344,288.2,0.7277,9.766,25.6983,,,,,,
466,2019-04-18T15:25:58,41.592,-157.91299999999995,5.3,4,28,15,9.766,33.344,288.2,0.7285,9.765,25.6984,,,,,,
467,2019-04-18T15:26:07,41.592,-157.91299999999995,5.2,4,28,16,9.767,33.344,288.2,0.7277,9.766,25.6983,,,,,,
468,2019-04-18T18:14:32,41.605,-157.887,14.7,4,30,1,9.717,33.343,288.5,0.6033,9.715,25.7059,,,,,,
469,2019-04-18T18:14:36,41.605,-157.887,15.7,4,30,2,9.716,33.343,288.6,0.6084,9.714,25.7061,,,,,,
470,2019-04-18T18:14:38,41.605,-157.887,15.0,4,30,3,9.717,33.343,288.6,0.6045,9.715,25.7059,,,,,,
471,2019-04-18T18:14:41,41.605,-157.887,14.8,4,30,4,9.717,33.343,288.6,0.6035,9.715,25.7059,,,,,,
472,2019-04-18T18:14:47,41.605,-157.887,14.9,4,30,5,9.717,33.343,288.6,0.6037,9.715,25.7059,,,,,,
473,2019-04-18T18:14:51,41.605,-157.887,15.0,4,30,6,9.717,33.343,288.6,0.6042,9.715,25.7059,,,,,,
474,2019-04-18T18:14:54,41.605,-157.887,15.7,4,30,7,9.716,33.343,288.6,0.608,9.714,25.7061,,,,,,
475,2019-04-18T18:14:57,41.605,-157.887,14.9,4,30,8,9.717,33.343,288.6,0.6039,9.715,25.7059,,,,,,
476,2019-04-18T18:15:01,41.605,-157.887,15.4,4,30,9,9.716,33.343,288.6,0.6066,9.714,25.7061,,,,,,
477,2019-04-18T18:15:04,41.605,-157.887,15.7,4,30,10,9.716,33.343,288.6,0.6083,9.714,25.7061,,,,,,
478,2019-04-18T18:15:07,41.605,-157.887,14.3,4,30,11,9.716,33.343,288.5,0.6023,9.714,25.7061,,,,,,
479,2019-04-18T22:05:59,41.59,-157.878,15.4,4,31,1,9.672,33.347,288.8,0.3735,9.67,25.7165,,,,,,
480,2019-04-18T22:06:19,41.59,-157.878,14.8,4,31,2,9.674,33.347,288.8,0.3705,9.672,25.7161,,,,,,
481,2019-04-18T22:06:26,41.59,-157.878,14.9,4,31,3,9.674,33.347,288.8,0.371,9.672,25.7161,,,,,,
482,2019-04-18T22:06:33,41.59,-157.878,15.7,4,31,4,9.671,33.347,288.8,0.3752,9.669,25.7166,,,,,,
483,2019-04-18T22:06:53,41.59,-157.878,15.0,4,31,5,9.674,33.347,288.8,0.3715,9.672,25.7161,,,,,,
484,2019-04-18T22:06:58,41.59,-157.878,15.4,4,31,6,9.672,33.347,288.8,0.3736,9.67,25.7165,,,,,,
485,2019-04-18T22:07:05,41.59,-157.878,15.2,4,31,7,9.673,33.347,288.8,0.3726,9.671,25.7163,,,,,,
486,2019-04-18T22:07:09,41.59,-157.878,15.4,4,31,8,9.672,33.347,288.8,0.3736,9.67,25.7165,,,,,,
487,2019-04-18T22:07:17,41.59,-157.878,15.4,4,31,9,9.672,33.347,288.8,0.3736,9.67,25.7165,,,,,,
488,2019-04-18T22:07:36,41.59,-157.878,15.1,4,31,10,9.673,33.347,288.8,0.3722,9.671,25.7163,,,,,,
489,2019-04-18T22:07:47,41.59,-157.878,15.7,4,31,11,9.671,33.347,288.8,0.375,9.669,25.7166,,,,,,
490,2019-04-18T22:07:56,41.59,-157.878,15.2,4,31,12,9.673,33.347,288.8,0.3725,9.671,25.7163,,,,,,
491,2019-04-18T22:08:01,41.59,-157.878,15.4,4,31,13,9.672,33.347,288.8,0.3734,9.67,25.7165,,,,,,
492,2019-04-18T22:08:07,41.59,-157.878,14.9,4,31,14,9.674,33.347,288.8,0.371,9.672,25.7161,,,,,,
493,2019-04-18T22:08:13,41.59,-157.878,14.7,4,31,15,9.675,33.347,288.8,0.3701,9.673,25.716,,,,,,
494,2019-04-18T22:08:18,41.59,-157.878,15.9,4,31,16,9.67,33.347,288.8,0.3776,9.668,25.7168,,,,,,
495,2019-04-18T22:08:22,41.59,-157.878,14.3,4,31,17,9.676,33.347,288.6,0.3683,9.674,25.7158,,,,,,
496,2019-04-18T22:08:27,41.59,-157.878,15.6,4,31,18,9.671,33.347,288.8,0.3743,9.669,25.7166,,,,,,
497,2019-04-18T22:08:30,41.59,-157.878,15.1,4,31,19,9.673,33.347,288.8,0.3720000000000001,9.671,25.7163,,,,,,
498,2019-04-18T22:08:36,41.59,-157.878,15.8,4,31,20,9.67,33.347,288.8,0.3755,9.668,25.7168,,,,,,
499,2019-04-18T22:08:40,41.59,-157.878,14.1,4,31,21,9.676,33.347,288.6,0.3676,9.674,25.7158,,,,,,
500,2019-04-18T22:08:46,41.59,-157.878,16.5,4,31,22,9.667,33.346,288.7,0.3976,9.665,25.7165,,,,,,
501,2019-04-18T22:08:54,41.59,-157.878,16.2,4,31,23,9.668,33.347,288.8,0.3866,9.666,25.7171,,,,,,
502,2019-04-18T22:08:59,41.59,-157.878,13.5,4,31,24,9.677,33.347,288.4,0.3656,9.676,25.7156,,,,,,
503,2019-04-20T01:16:24,36.999,-158.001,990.1,5,1,1,3.365,34.374,13.4,0.2,3.294,27.3581,11.9,3.19,129.04,,,
504,2019-04-20T01:22:05,36.999,-158.001,742.6,5,1,2,4.273,34.198,49.9,0.1962,4.216,27.1257,49.9,2.91,98.51,,,
505,2019-04-20T01:27:56,36.999,-158.001,496.4,5,1,3,6.3279999999999985,34.039,139.6,0.1885,6.283,26.7573,,2.11,53.49,,,
506,2019-04-20T01:31:01,36.999,-158.001,396.5,5,1,4,8.205,34.092,182.2,0.1853,8.164,26.5366,183.8,1.54,32.9,,,
507,2019-04-20T01:34:03,36.999,-158.001,298.7,5,1,5,9.584,34.143,216.8,0.1835,9.55,26.3583,,1.12,20.2,,,
508,2019-04-20T01:36:08,36.999,-158.001,249.4,5,1,6,10.648,34.219,215.6,0.1832,10.618,26.2357,216.1,0.98,15.94,,,
509,2019-04-20T01:39:01,36.999,-158.001,198.1,5,1,7,11.582,34.23,218.4,0.1833,11.557,26.0747,219.1,0.8,12.17,,,
510,2019-04-20T01:40:53,36.999,-158.001,173.7,5,1,8,11.88,34.171,227.3,0.1872,11.858,25.9727,,0.66,9.39,,,
511,2019-04-20T01:43:06,36.999,-158.001,123.5,5,1,9,12.181,33.89,259.1,0.3116,12.165,25.6962,,0.28,4.71,,,
512,2019-04-20T01:44:02,36.999,-158.001,114.0,5,1,10,12.236,33.901,259.1,0.3679,12.220999999999998,25.6941,260.3,0.3,4.69,,0.11,0.23
513,2019-04-20T01:44:35,36.999,-158.001,109.1,5,1,11,12.317,33.916,258.7,0.3918,12.303,25.6901,,0.27,4.64,,,
514,2019-04-20T01:45:28,36.999,-158.001,103.0,5,1,12,12.312,33.893,259.7,0.4694,12.298,25.673,,0.27,4.62,,,
515,2019-04-20T01:46:15,36.999,-158.001,99.3,5,1,13,12.314,33.863,262.4,0.6475,12.300999999999998,25.6493,,0.25,4.6,,0.21,0.39
516,2019-04-20T01:46:52,36.999,-158.001,93.9,5,1,14,12.287,33.845,264.2,0.7774,12.275,25.6403,264.0,0.23,4.58,,,
517,2019-04-20T01:47:25,36.999,-158.001,89.1,5,1,15,12.36,33.856,263.8,0.8170000000000001,12.348,25.6347,,0.23,4.56,,,
518,2019-04-20T01:48:04,36.999,-158.001,84.0,5,1,16,12.407,33.858000000000004,264.2,0.9944,12.396,25.6271,,0.22,4.5,,,
519,2019-04-20T01:48:46,36.999,-158.001,78.4,5,1,17,12.465,33.867,265.5,1.2078,12.455,25.6227,266.5,0.2,4.44,,0.48,0.71
520,2019-04-20T01:49:17,36.999,-158.001,75.4,5,1,18,12.501,33.873000000000005,266.2,1.3376,12.491,25.6204,,0.2,4.41,,,
521,2019-04-20T01:49:53,36.999,-158.001,69.7,5,1,19,12.762,33.926,264.9,1.3373,12.753,25.6104,,0.18,4.37,,,
522,2019-04-20T01:50:48,36.999,-158.001,64.8,5,1,20,13.082,33.997,262.6,1.1415,13.073,25.6019,,0.17,4.32,,0.46,0.57
523,2019-04-20T01:51:42,36.999,-158.001,59.2,5,1,21,12.952,33.939,264.3,1.1255,12.944,25.5827,265.2,0.17,4.25,,0.44,0.61
524,2019-04-20T01:52:21,36.999,-158.001,54.5,5,1,22,12.847,33.894,265.6,1.0981,12.84,25.5685,,0.17,4.18,,0.44,0.56
525,2019-04-20T01:53:19,36.999,-158.001,45.0,5,1,23,13.378,33.89,263.5,0.7895,13.372,25.459,,0.16,4.05,,,
526,2019-04-20T01:55:00,36.999,-158.001,15.1,5,1,24,13.566,33.828,262.2,0.4111,13.564,25.372,262.7,0.16,3.9,,0.22,0.19
527,2019-04-20T04:54:23,37.0,-158.001,991.5,5,3,1,3.401,34.367,14.3,0.1996,3.33,27.3491,,,,,,
528,2019-04-20T04:54:39,37.0,-158.001,990.7,5,3,2,3.401,34.367,14.3,0.1996,3.33,27.3491,,,,,,
529,2019-04-20T04:54:42,37.0,-158.001,991.6,5,3,3,3.401,34.367,14.3,0.1995,3.33,27.3491,,,,,,
530,2019-04-20T04:54:44,37.0,-158.001,990.2,5,3,4,3.401,34.367,14.2,0.1995,3.33,27.3491,,,,,,
531,2019-04-20T04:54:46,37.0,-158.001,989.5,5,3,5,3.401,34.367,14.3,0.1997,3.33,27.3491,,,,,,
532,2019-04-20T04:54:48,37.0,-158.001,990.5,5,3,6,3.401,34.367,14.3,0.1996,3.33,27.3491,,,,,,
533,2019-04-20T04:54:51,37.0,-158.001,991.4,5,3,7,3.401,34.367,14.3,0.1996,3.33,27.3491,,,,,,
534,2019-04-20T05:07:25,37.0,-158.001,397.5,5,3,8,8.26,34.092,185.0,0.1851,8.219,26.5283,,,,,,
535,2019-04-20T05:07:29,37.0,-158.001,396.1,5,3,9,8.261000000000001,34.092,185.1,0.185,8.22,26.5282,,,,,,
536,2019-04-20T05:07:33,37.0,-158.001,398.0,5,3,10,8.254,34.092,184.7,0.1852,8.213,26.5292,,,,,,
537,2019-04-20T05:07:37,37.0,-158.001,396.6,5,3,11,8.262,34.092,185.0,0.1853,8.221,26.528,,,,,,
538,2019-04-20T05:07:40,37.0,-158.001,396.8,5,3,12,8.262,34.092,185.0,0.1853,8.221,26.528,,,,,,
539,2019-04-20T05:07:43,37.0,-158.001,397.7,5,3,13,8.258,34.092,184.9,0.1851,8.217,26.5286,,,,,,
540,2019-04-20T05:07:47,37.0,-158.001,396.6,5,3,14,8.262,34.092,185.1,0.1852,8.221,26.528,,,,,,
541,2019-04-20T05:12:53,37.0,-158.001,199.1,5,3,15,11.389,34.24,216.2,0.1831,11.364,26.118,,,,,,
542,2019-04-20T05:12:57,37.0,-158.001,198.6,5,3,16,11.39,34.239000000000004,216.2,0.1822,11.365,26.1171,,,,,,
543,2019-04-20T05:12:59,37.0,-158.001,198.9,5,3,17,11.389,34.24,216.2,0.1828,11.364,26.118,,,,,,
544,2019-04-20T05:13:02,37.0,-158.001,199.5,5,3,18,11.385,34.239000000000004,216.2,0.1833,11.36,26.118,,,,,,
545,2019-04-20T05:15:41,37.0,-158.001,124.3,5,3,19,12.065,33.881,258.6,0.2586,12.049,25.7113,,,,,,
546,2019-04-20T05:15:47,37.0,-158.001,123.9,5,3,20,12.06,33.879,258.9,0.259,12.044,25.7107,,,,,,
547,2019-04-20T05:15:51,37.0,-158.001,124.0,5,3,21,12.06,33.879,258.9,0.2591,12.044,25.7107,,,,,,
548,2019-04-20T05:18:00,37.0,-158.001,80.5,5,3,22,12.519,33.879,265.6,1.1496,12.508,25.6217,,,,,,
549,2019-04-20T05:18:03,37.0,-158.001,79.7,5,3,23,12.54,33.884,265.3,1.1413,12.529000000000002,25.6214,,,,,,
550,2019-04-20T05:18:06,37.0,-158.001,79.6,5,3,24,12.542,33.884,265.2,1.1412,12.531,25.621,,,,,,
551,2019-04-20T15:50:27,37.004,-158.003,17.0,5,7,1,13.5,33.829,262.4,0.5837,13.498,25.3863,,,,,,
552,2019-04-20T15:50:49,37.004,-158.003,15.7,5,7,2,13.501,33.829,262.2,0.5818,13.499,25.3861,,,,,,
553,2019-04-20T15:51:30,37.004,-158.003,16.1,5,7,3,13.501,33.829,262.3,0.583,13.499,25.3861,,,,,,
554,2019-04-20T15:52:01,37.004,-158.003,15.6,5,7,4,13.501,33.829,262.2,0.5814,13.499,25.3861,,,,,,
555,2019-04-20T15:52:14,37.004,-158.003,16.2,5,7,5,13.501,33.829,262.3,0.5834,13.499,25.3861,,,,,,
556,2019-04-20T15:52:25,37.004,-158.003,16.2,5,7,6,13.501,33.829,262.3,0.5833,13.499,25.3861,,,,,,
557,2019-04-20T15:52:36,37.004,-158.003,15.8,5,7,7,13.501,33.829,262.2,0.5820000000000001,13.499,25.3861,,,,,,
558,2019-04-20T15:52:45,37.004,-158.003,15.9,5,7,8,13.501,33.829,262.3,0.5825,13.499,25.3861,,,,,,
559,2019-04-20T15:52:55,37.004,-158.003,15.6,5,7,9,13.501,33.829,262.2,0.5814,13.499,25.3861,,,,,,
560,2019-04-20T15:53:04,37.004,-158.003,14.9,5,7,10,13.5,33.829,262.1,0.5787,13.498,25.3862,,,,,,
561,2019-04-20T15:53:12,37.004,-158.003,15.3,5,7,11,13.5,33.829,262.2,0.5804,13.498,25.3863,,,,,,
562,2019-04-20T15:53:21,37.004,-158.003,15.7,5,7,12,13.501,33.829,262.2,0.5818,13.499,25.3861,,,,,,
563,2019-04-20T15:53:30,37.004,-158.003,15.0,5,7,13,13.5,33.829,262.1,0.5789,13.498,25.3862,,,,,,
564,2019-04-20T15:53:39,37.004,-158.003,15.1,5,7,14,13.5,33.829,262.1,0.5794,13.498,25.3863,,,,,,
565,2019-04-20T15:53:48,37.004,-158.003,15.7,5,7,15,13.501,33.829,262.2,0.5816,13.499,25.3861,,,,,,
566,2019-04-20T15:53:56,37.004,-158.003,16.3,5,7,16,13.501,33.829,262.3,0.5835,13.499,25.3861,,,,,,
567,2019-04-20T15:54:13,37.004,-158.003,16.3,5,7,17,13.501,33.829,262.3,0.5836,13.499,25.3861,,,,,,
568,2019-04-20T15:54:22,37.004,-158.003,17.3,5,7,18,13.499,33.829,262.3,0.5815,13.497,25.3865,,,,,,
569,2019-04-20T15:54:31,37.004,-158.003,16.6,5,7,19,13.5,33.829,262.4,0.5843,13.498,25.3863,,,,,,
570,2019-04-20T15:54:40,37.004,-158.003,15.9,5,7,20,13.501,33.829,262.3,0.5825,13.499,25.3861,,,,,,
571,2019-04-20T15:54:50,37.004,-158.003,16.1,5,7,21,13.501,33.829,262.3,0.5831,13.499,25.3861,,,,,,
572,2019-04-20T15:54:59,37.004,-158.003,16.1,5,7,22,13.501,33.829,262.3,0.5831,13.499,25.3861,,,,,,
573,2019-04-20T15:55:11,37.004,-158.003,16.5,5,7,23,13.5,33.829,262.4,0.584,13.498,25.3863,,,,,,
574,2019-04-20T15:55:21,37.004,-158.003,15.7,5,7,24,13.501,33.829,262.2,0.5818,13.499,25.3861,,,,,,
575,2019-04-20T17:55:35,37.003,-158.001,148.8,5,8,1,12.166,34.14,232.1,0.1995,12.146,25.8938,,,,,,
576,2019-04-20T17:57:00,37.003,-158.001,125.0,5,8,2,12.29,33.94,256.8,0.2812,12.274,25.7143,,,,,,
577,2019-04-20T17:57:03,37.003,-158.001,123.3,5,8,3,12.271,33.933,256.8,0.2783,12.255,25.7124,,,,,,
578,2019-04-20T17:57:08,37.003,-158.001,124.8,5,8,4,12.287,33.938,257.0,0.2817,12.271,25.7133,,,,,,
579,2019-04-20T17:57:17,37.003,-158.001,125.1,5,8,5,12.29,33.942,256.5,0.2802,12.274,25.7158,,,,,,
580,2019-04-20T17:57:25,37.003,-158.001,124.8,5,8,6,12.288,33.938,257.0,0.2818,12.272,25.7131,,,,,,
581,2019-04-20T17:58:47,37.003,-158.001,100.2,5,8,7,12.511,33.927,253.8,0.2552,12.498,25.6609,,,,,,
582,2019-04-20T17:58:49,37.003,-158.001,99.8,5,8,8,12.518,33.927,253.9,0.2544,12.505,25.6596,,,,,,
583,2019-04-20T17:58:53,37.003,-158.001,99.2,5,8,9,12.528,33.927,254.0,0.2528,12.515,25.6576,,,,,,
584,2019-04-20T17:58:56,37.003,-158.001,99.6,5,8,10,12.521,33.927,254.0,0.2539,12.508,25.659,,,,,,
585,2019-04-20T18:01:02,37.003,-158.001,55.0,5,8,11,12.83,33.917,262.7,0.8795,12.823,25.5896,,,,,,
586,2019-04-20T18:01:05,37.003,-158.001,55.2,5,8,12,12.829,33.917,262.6,0.8786,12.822,25.5898,,,,,,
587,2019-04-20T18:01:08,37.003,-158.001,54.0,5,8,13,12.832,33.917,262.7,0.8793,12.825,25.5892,,,,,,
588,2019-04-20T18:01:11,37.003,-158.001,53.6,5,8,14,12.832,33.917,262.6,0.8773,12.825,25.5892,,,,,,
589,2019-04-20T18:01:14,37.003,-158.001,55.7,5,8,15,12.827,33.917,262.5,0.8717,12.819,25.5903,,,,,,
590,2019-04-20T18:02:44,37.003,-158.001,45.6,5,8,16,12.919,33.839,262.8,0.8466,12.913,25.5114,,,,,,
591,2019-04-20T18:02:49,37.003,-158.001,43.8,5,8,17,12.92,33.85,262.9,0.8224,12.914,25.5197,,,,,,
592,2019-04-20T18:02:53,37.003,-158.001,45.6,5,8,18,12.919,33.839,262.8,0.8461,12.913,25.5114,,,,,,
593,2019-04-20T18:05:12,37.003,-158.001,17.0,5,8,19,13.265999999999998,33.805,263.7,0.5649,13.264,25.4151,,,,,,
594,2019-04-20T18:05:15,37.003,-158.001,16.1,5,8,20,13.274,33.806,263.7,0.5655,13.272,25.4142,,,,,,
595,2019-04-20T18:05:19,37.003,-158.001,16.7,5,8,21,13.269,33.805,263.7,0.5653,13.267,25.4145,,,,,,
596,2019-04-20T18:05:42,37.003,-158.001,14.6,5,8,22,13.263,33.804,263.0,0.5555,13.261,25.4148,,,,,,
597,2019-04-20T18:05:51,37.003,-158.001,14.3,5,8,23,13.261,33.803000000000004,262.9,0.5533,13.259,25.4145,,,,,,
598,2019-04-20T18:06:52,37.003,-158.001,5.1,5,8,24,13.524,33.803000000000004,262.4,0.4346,13.523,25.361,,,,,,
599,2019-04-21T20:10:27,32.933,-158.001,989.5,6,1,1,3.5660000000000003,34.392,8.9,0.1974,3.494,27.3533,8.0,3.2,123.67,,,
600,2019-04-21T20:17:21,32.933,-158.001,744.0,6,1,2,4.512,34.172,44.1,0.1952,4.454,27.0797,44.0,2.91,92.28,,,
601,2019-04-21T20:25:19,32.933,-158.001,495.5,6,1,3,7.376,34.08,152.1,0.1866,7.327000000000001,26.6487,,1.85,41.97,,,
602,2019-04-21T20:29:36,32.933,-158.001,397.2,6,1,4,9.354,34.165,196.1,0.1793,9.309,26.4149,196.5,1.27,23.69,,,
603,2019-04-21T20:34:18,32.933,-158.001,297.7,6,1,5,10.813,34.24,221.8,0.1771,10.777,26.2241,,0.89,13.89,,,
604,2019-04-21T20:38:06,32.933,-158.001,248.4,6,1,6,11.535,34.291,217.7,0.1772,11.503,26.132,217.8,0.82,11.79,,,
605,2019-04-21T20:41:19,32.933,-158.001,198.2,6,1,7,12.668,34.355,211.7,0.1865,12.640999999999998,25.9648,211.7,0.69,9.16,,,
606,2019-04-21T20:42:47,32.933,-158.001,174.8,6,1,8,13.434,34.392,213.1,0.2177,13.409,25.8399,,0.56,7.29,,,
607,2019-04-21T20:44:21,32.933,-158.001,149.7,6,1,9,14.949000000000002,34.501999999999995,228.2,0.2746,14.925999999999998,25.6049,,0.27,4.55,,0.07,0.16
608,2019-04-21T20:45:06,32.933,-158.001,143.6,6,1,10,15.774,34.593,235.2,0.2848,15.751,25.4918,,0.17,3.72,,,
609,2019-04-21T20:45:55,32.933,-158.001,139.0,6,1,11,15.925999999999998,34.615,237.1,0.3151,15.904000000000002,25.4742,,0.12,3.4,,,
610,2019-04-21T20:46:41,32.933,-158.001,134.7,6,1,12,15.98,34.619,238.5,0.3499,15.959,25.4648,,0.1,3.3,,,
611,2019-04-21T20:47:24,32.933,-158.001,128.5,6,1,13,16.131,34.646,239.1,0.4061,16.11,25.4509,240.8,0.09,3.2,,,
612,2019-04-21T20:48:10,32.933,-158.001,124.8,6,1,14,16.14,34.644,239.6,0.4242,16.12,25.4472,,0.09,3.21,,0.21,0.29
613,2019-04-21T20:48:47,32.933,-158.001,117.9,6,1,15,16.084,34.619,240.1,0.4669,16.065,25.4405,,0.09,3.2,,,
614,2019-04-21T20:49:33,32.933,-158.001,114.0,6,1,16,16.063,34.605,240.9,0.5248,16.045,25.4344,241.0,0.08,3.2,,0.27,0.41
615,2019-04-21T20:50:18,32.933,-158.001,110.8,6,1,17,16.075,34.602,241.3,0.5337,16.057000000000002,25.4292,,0.08,3.18,,,
616,2019-04-21T20:51:04,32.933,-158.001,104.2,6,1,18,16.088,34.6,241.9,0.5213,16.070999999999998,25.4245,,0.08,3.18,,,
617,2019-04-21T20:51:50,32.933,-158.001,99.2,6,1,19,16.093,34.593,242.5,0.4397,16.077,25.4178,,0.08,3.21,,0.28,0.44
618,2019-04-21T20:52:20,32.933,-158.001,94.4,6,1,20,16.089000000000002,34.59,242.6,0.4123,16.074,25.4162,,0.08,3.22,,,
619,2019-04-21T20:53:32,32.933,-158.001,74.4,6,1,21,16.038,34.554,244.1,0.2981,16.026,25.3994,,0.07,3.27,,0.18,0.23
620,2019-04-21T20:55:15,32.933,-158.001,44.5,6,1,22,16.744,34.619,242.7,0.21600000000000005,16.737000000000002,25.2849,243.8,0.07,3.21,,0.08,0.09
621,2019-04-21T20:56:31,32.933,-158.001,23.7,6,1,23,17.041,34.649,241.6,0.1966,17.037,25.237,,0.07,3.16,,,
622,2019-04-21T20:57:52,32.933,-158.001,5.3,6,1,24,17.183,34.648,241.4,0.1835,17.182000000000002,25.2017,242.3,0.06,3.16,,0.23,0.48
623,2019-04-22T00:21:30,32.934,-158.0,149.9,6,3,1,14.272,34.434,223.1,0.2726,14.25,25.6977,,,,,,
624,2019-04-22T00:23:10,32.934,-158.0,123.9,6,3,2,16.035999999999998,34.622,239.9,0.4264,16.016,25.454,,,,,,
625,2019-04-22T00:25:35,32.934,-158.0,99.8,6,3,3,16.07,34.601,242.2,0.5954,16.054000000000002,25.4292,,,,,,
626,2019-04-22T00:25:54,32.934,-158.0,99.4,6,3,4,16.072,34.601,242.3,0.5928,16.055999999999994,25.4287,,,,,,
627,2019-04-22T00:26:01,32.934,-158.0,99.8,6,3,5,16.070999999999998,34.601,242.2,0.5951,16.055,25.429,,,,,,
628,2019-04-22T00:26:08,32.934,-158.0,99.2,6,3,6,16.073,34.601,242.3,0.5935,16.057000000000002,25.4285,,,,,,
629,2019-04-22T00:26:15,32.934,-158.0,99.6,6,3,7,16.070999999999998,34.601,242.2,0.5941,16.055,25.4289,,,,,,
630,2019-04-22T00:26:22,32.934,-158.0,98.9,6,3,8,16.074,34.601,242.3,0.5957,16.058,25.4282,,,,,,
631,2019-04-22T00:26:29,32.934,-158.0,98.4,6,3,9,16.076,34.601,242.3,0.5995,16.06,25.4278,,,,,,
632,2019-04-22T00:26:36,32.934,-158.0,99.9,6,3,10,16.07,34.601,242.2,0.5958,16.054000000000002,25.4292,,,,,,
633,2019-04-22T00:28:40,32.934,-158.0,74.3,6,3,11,16.172,34.601,243.9,0.3115,16.16,25.4049,,,,,,
634,2019-04-22T00:30:42,32.934,-158.0,44.5,6,3,12,16.546,34.602,244.1,0.2238,16.539,25.3181,,,,,,
635,2019-04-22T00:32:47,32.934,-158.0,25.6,6,3,13,17.076,34.643,242.1,0.2021,17.072,25.2242,,,,,,
636,2019-04-22T00:34:04,32.934,-158.0,14.7,6,3,14,17.221,34.653,241.6,0.1918,17.219,25.1968,,,,,,
637,2019-04-22T00:35:36,32.934,-158.0,6.6,6,3,15,17.451,34.647,241.6,0.1875,17.45,25.1367,,,,,,
638,2019-04-22T00:35:40,32.934,-158.0,4.1,6,3,16,17.424,34.649,241.8,0.1874,17.423,25.1446,,,,,,
639,2019-04-22T00:35:44,32.934,-158.0,6.8,6,3,17,17.45,34.647,241.7,0.1878,17.449,25.137,,,,,,
640,2019-04-22T00:36:03,32.934,-158.0,6.0,6,3,18,17.455,34.648,241.4,0.1869,17.454,25.1365,,,,,,
641,2019-04-22T00:36:08,32.934,-158.0,5.6,6,3,19,17.453,34.648,241.4,0.1866,17.452,25.1369,,,,,,
642,2019-04-22T00:36:12,32.934,-158.0,5.9,6,3,20,17.454,34.648,241.4,0.1868,17.453,25.1367,,,,,,
643,2019-04-22T00:36:16,32.934,-158.0,4.8,6,3,21,17.442999999999998,34.648,241.5,0.1866,17.442,25.1393,,,,,,
644,2019-04-22T00:36:21,32.934,-158.0,6.0,6,3,22,17.455,34.648,241.4,0.1869,17.454,25.1365,,,,,,
645,2019-04-22T04:27:52,32.934,-158.0,990.5,6,4,1,3.625,34.379,9.7,0.198,3.552,27.3372,,,,,,
646,2019-04-22T04:27:55,32.934,-158.0,989.9,6,4,2,3.624,34.379,9.7,0.1978,3.551,27.3373,,,,,,
647,2019-04-22T04:27:58,32.934,-158.0,992.5,6,4,3,3.62,34.38,9.6,0.1982,3.547,27.3385,,,,,,
648,2019-04-22T04:28:03,32.934,-158.0,990.7,6,4,4,3.625,34.379,9.7,0.1981,3.552,27.3373,,,,,,
649,2019-04-22T04:28:07,32.934,-158.0,991.4,6,4,5,3.626,34.379,9.7,0.1978,3.553,27.3372,,,,,,
650,2019-04-22T04:28:11,32.934,-158.0,991.2,6,4,6,3.626,34.379,9.7,0.1979,3.553,27.3372,,,,,,
651,2019-04-22T04:28:17,32.934,-158.0,991.7,6,4,7,3.626,34.379,9.7,0.1977,3.553,27.3372,,,,,,
652,2019-04-22T04:42:51,32.934,-158.0,396.6,6,4,8,9.603,34.172,203.4,0.1776,9.558,26.3797,,,,,,
653,2019-04-22T04:42:54,32.934,-158.0,396.7,6,4,9,9.603,34.172,203.4,0.1777,9.558,26.3797,,,,,,
654,2019-04-22T04:42:56,32.934,-158.0,397.0,6,4,10,9.601,34.172,203.4,0.1777,9.556,26.3801,,,,,,
655,2019-04-22T04:43:00,32.934,-158.0,397.0,6,4,11,9.601,34.172,203.4,0.1778,9.556,26.3801,,,,,,
656,2019-04-22T04:43:02,32.934,-158.0,397.2,6,4,12,9.6,34.172,203.4,0.1776,9.555,26.3802,,,,,,
657,2019-04-22T04:43:05,32.934,-158.0,397.0,6,4,13,9.601,34.172,203.4,0.1778,9.556,26.3801,,,,,,
658,2019-04-22T04:43:08,32.934,-158.0,397.4,6,4,14,9.6,34.171,203.4,0.1775,9.555,26.3795,,,,,,
659,2019-04-22T04:51:24,32.934,-158.0,199.1,6,4,15,12.825,34.365,212.2,0.1878,12.798,25.9417,,,,,,
660,2019-04-22T04:51:26,32.934,-158.0,198.9,6,4,16,12.818,34.365,212.2,0.1875,12.791,25.9431,,,,,,
661,2019-04-22T04:51:28,32.934,-158.0,198.5,6,4,17,12.802,34.365,212.1,0.1868,12.775,25.9462,,,,,,
662,2019-04-22T04:51:32,32.934,-158.0,198.8,6,4,18,12.812,34.365,212.1,0.1873,12.785,25.9443,,,,,,
663,2019-04-22T04:55:02,32.934,-158.0,115.5,6,4,19,16.098,34.621,240.6,0.5146,16.08,25.4387,,,,,,
664,2019-04-22T04:55:06,32.934,-158.0,113.1,6,4,20,16.086,34.617,240.5,0.4983,16.067999999999998,25.4383,,,,,,
665,2019-04-22T04:55:09,32.934,-158.0,114.4,6,4,21,16.08,34.617,240.8,0.5112,16.062,25.4397,,,,,,
666,2019-04-22T04:57:38,32.934,-158.0,75.7,6,4,22,16.124000000000002,34.586,244.1,0.3196,16.112000000000002,25.4044,,,,,,
667,2019-04-22T04:57:43,32.934,-158.0,72.7,6,4,23,16.102,34.576,244.3,0.3034,16.09,25.4017,,,,,,
668,2019-04-22T04:57:46,32.934,-158.0,74.1,6,4,24,16.101,34.576,244.4,0.3113,16.089000000000002,25.4019,,,,,,
669,2019-04-22T14:00:21,32.933,-158.0,14.2,6,6,1,17.335,34.629,241.8,0.2076,17.333,25.1511,,,,,,
670,2019-04-22T14:00:24,32.933,-158.0,14.7,6,6,2,17.273,34.629,241.8,0.2074,17.271,25.166,,,,,,
671,2019-04-22T14:00:27,32.933,-158.0,14.5,6,6,3,17.296,34.629,241.8,0.2075,17.294,25.1605,,,,,,
672,2019-04-22T14:00:29,32.933,-158.0,14.8,6,6,4,17.257,34.629,241.8,0.2073,17.255,25.1698,,,,,,
673,2019-04-22T14:00:31,32.933,-158.0,13.9,6,6,5,17.371,34.629,241.8,0.2077,17.369,25.1424,,,,,,
674,2019-04-22T14:00:34,32.933,-158.0,13.9,6,6,6,17.371,34.629,241.8,0.2077,17.369,25.1424,,,,,,
675,2019-04-22T14:00:36,32.933,-158.0,15.1,6,6,7,17.239,34.63,241.7,0.2076,17.236,25.1749,,,,,,
676,2019-04-22T14:00:39,32.933,-158.0,15.2,6,6,8,17.232,34.63,241.7,0.2078,17.229,25.1766,,,,,,
677,2019-04-22T14:00:41,32.933,-158.0,14.2,6,6,9,17.337,34.629,241.8,0.2076,17.335,25.1506,,,,,,
678,2019-04-22T14:00:43,32.933,-158.0,13.7,6,6,10,17.385,34.629,241.8,0.2081,17.383,25.1391,,,,,,
679,2019-04-22T16:37:26,32.933,-158.0,129.8,6,7,1,15.998,34.587,241.6,0.511,15.977,25.4359,,,,,,
680,2019-04-22T16:37:30,32.933,-158.0,130.2,6,7,2,15.997,34.587,241.7,0.5146,15.976,25.4362,,,,,,
681,2019-04-22T16:37:35,32.933,-158.0,129.7,6,7,3,15.995,34.587,241.6,0.5072,15.974,25.4366,,,,,,
682,2019-04-22T16:37:39,32.933,-158.0,130.0,6,7,4,16.000999999999998,34.588,241.7,0.515,15.98,25.436,,,,,,
683,2019-04-22T16:37:43,32.933,-158.0,130.0,6,7,5,16.0,34.588,241.7,0.5153,15.979,25.4362,,,,,,
684,2019-04-22T16:37:47,32.933,-158.0,129.8,6,7,6,15.997,34.587,241.6,0.5104,15.976,25.4362,,,,,,
685,2019-04-22T16:37:53,32.933,-158.0,129.7,6,7,7,15.994000000000002,34.587,241.6,0.5062,15.973,25.4368,,,,,,
686,2019-04-22T16:40:41,32.933,-158.0,74.8,6,7,8,16.222,34.607,244.6,0.2742,16.21,25.398000000000003,,,,,,
687,2019-04-22T16:40:44,32.933,-158.0,75.3,6,7,9,16.223,34.608000000000004,244.6,0.2766,16.211,25.3986,,,,,,
688,2019-04-22T16:40:48,32.933,-158.0,74.8,6,7,10,16.222,34.607,244.6,0.2745,16.21,25.3981,,,,,,
689,2019-04-22T16:40:51,32.933,-158.0,75.5,6,7,11,16.223,34.608000000000004,244.6,0.2776,16.211,25.3986,,,,,,
690,2019-04-22T16:40:54,32.933,-158.0,74.6,6,7,12,16.221,34.607,244.6,0.2736,16.209,25.3983,,,,,,
691,2019-04-22T16:40:58,32.933,-158.0,75.5,6,7,13,16.223,34.608000000000004,244.6,0.2776,16.211,25.3986,,,,,,
692,2019-04-22T16:41:01,32.933,-158.0,75.1,6,7,14,16.222,34.608000000000004,244.6,0.2758,16.21,25.3988,,,,,,
693,2019-04-22T16:42:49,32.933,-158.0,45.1,6,7,15,16.593,34.608000000000004,244.5,0.2311,16.586,25.3118,,,,,,
694,2019-04-22T16:42:53,32.933,-158.0,45.0,6,7,16,16.597,34.608000000000004,244.5,0.2308,16.59,25.3109,,,,,,
695,2019-04-22T16:42:56,32.933,-158.0,43.2,6,7,17,16.673,34.616,243.9,0.2263,16.666,25.2992,,,,,,
696,2019-04-22T16:44:52,32.933,-158.0,14.5,6,7,18,17.404,34.639,241.7,0.2101,17.402,25.1422,,,,,,
697,2019-04-22T16:44:55,32.933,-158.0,14.1,6,7,19,17.404,34.639,241.6,0.2103,17.402,25.1422,,,,,,
698,2019-04-22T16:44:58,32.933,-158.0,14.6,6,7,20,17.404,34.639,241.7,0.21,17.402,25.1422,,,,,,
699,2019-04-22T16:45:01,32.933,-158.0,13.3,6,7,21,17.404,34.639,241.6,0.2103,17.402,25.1422,,,,,,
700,2019-04-22T16:45:05,32.933,-158.0,14.8,6,7,22,17.404,34.639,241.7,0.2098,17.402,25.1422,,,,,,
701,2019-04-22T16:45:08,32.933,-158.0,14.5,6,7,23,17.404,34.639,241.7,0.2101,17.402,25.1422,,,,,,
702,2019-04-22T16:45:12,32.933,-158.0,12.5,6,7,24,17.404,34.639,241.4,0.2103,17.402,25.1421,,,,,,
703,2019-04-25T00:38:07,42.334,-158.001,99.8,8,2,1,8.494,33.172,284.6,0.3239,8.484,25.7667,,,,,,
704,2019-04-25T00:40:08,42.334,-158.001,74.4,8,2,2,8.568999999999999,33.168,285.7,0.4274,8.561,25.7518,,,,,,
705,2019-04-25T00:40:14,42.334,-158.001,74.4,8,2,3,8.568999999999999,33.168,285.7,0.4273,8.561,25.7518,,,,,,
706,2019-04-25T00:40:19,42.334,-158.001,74.3,8,2,4,8.568999999999999,33.168,285.7,0.4270000000000001,8.561,25.7518,,,,,,
707,2019-04-25T00:40:22,42.334,-158.001,74.6,8,2,5,8.565,33.168,285.6,0.4199,8.557,25.7524,,,,,,
708,2019-04-25T00:42:49,42.334,-158.001,40.9,8,2,6,9.039,33.17,294.2,1.8265,9.035,25.6802,,,,,,
709,2019-04-25T00:42:52,42.334,-158.001,41.4,8,2,7,9.038,33.17,294.0,1.838,9.034,25.6804,,,,,,
710,2019-04-25T00:42:58,42.334,-158.001,40.9,8,2,8,9.039,33.17,294.2,1.8265,9.035,25.6802,,,,,,
711,2019-04-25T00:43:05,42.334,-158.001,41.6,8,2,9,9.038,33.17,294.0,1.8442,9.034,25.6804,,,,,,
712,2019-04-25T00:43:09,42.334,-158.001,40.7,8,2,10,9.039,33.17,294.3,1.8173,9.035,25.6802,,,,,,
713,2019-04-25T00:43:13,42.334,-158.001,42.0,8,2,11,9.035,33.17,293.6,1.8022,9.031,25.6809,,,,,,
714,2019-04-25T00:43:17,42.334,-158.001,40.9,8,2,12,9.039,33.17,294.2,1.8252,9.035,25.6802,,,,,,
715,2019-04-25T00:43:24,42.334,-158.001,42.0,8,2,13,9.036,33.17,293.7,1.8094,9.032,25.6807,,,,,,
716,2019-04-25T00:45:37,42.334,-158.001,25.1,8,2,14,9.064,33.165,296.3,1.4895,9.061,25.6721,,,,,,
717,2019-04-25T00:46:59,42.334,-158.001,15.4,8,2,15,9.107,33.168,296.7,1.3012,9.105,25.6675,,,,,,
718,2019-04-25T00:47:05,42.334,-158.001,15.3,8,2,16,9.107,33.168,296.7,1.3006,9.105,25.6675,,,,,,
719,2019-04-25T00:47:13,42.334,-158.001,15.0,8,2,17,9.108,33.168,296.7,1.2963,9.106,25.6673,,,,,,
720,2019-04-25T00:47:18,42.334,-158.001,15.7,8,2,18,9.106,33.168,296.7,1.3055,9.104,25.6677,,,,,,
721,2019-04-25T00:49:08,42.334,-158.001,4.2,8,2,19,9.189,33.174,296.8,0.9017,9.189,25.659,,,,,,
722,2019-04-25T00:49:18,42.334,-158.001,4.3,8,2,20,9.189,33.174,296.8,0.9019,9.189,25.659,,,,,,
723,2019-04-25T00:49:27,42.334,-158.001,4.6,8,2,21,9.189,33.174,296.8,0.9029,9.189,25.659,,,,,,
724,2019-04-25T00:49:51,42.334,-158.001,5.5,8,2,22,9.189,33.174,296.7,0.8966,9.188,25.6591,,,,,,
725,2019-04-25T00:50:14,42.334,-158.001,4.4,8,2,23,9.189,33.174,296.8,0.9023,9.189,25.659,,,,,,
726,2019-04-25T00:50:22,42.334,-158.001,4.6,8,2,24,9.189,33.174,296.8,0.9029,9.189,25.659,,,,,,
727,2019-04-25T02:01:29,42.334,-158.0,989.1,8,3,1,3.164,34.409,18.1,0.2005,3.095,27.4047,17.7,3.14,134.59,,,
728,2019-04-25T02:07:46,42.334,-158.0,742.2,8,3,2,3.836,34.268,37.5,0.197,3.782,27.2261,,2.99,111.85,,,
729,2019-04-25T02:13:58,42.334,-158.0,494.8,8,3,3,4.67,34.038000000000004,89.9,0.1949,4.632,26.9539,90.2,2.63,79.13,,,
730,2019-04-25T02:16:50,42.334,-158.0,397.2,8,3,4,5.638,33.961,133.8,0.1939,5.605,26.7806,,2.22,58.56,,,
731,2019-04-25T02:20:30,42.334,-158.0,297.7,8,3,5,6.848,33.924,186.4,0.1925,6.8210000000000015,26.5958,186.6,1.72,39.36,,,
732,2019-04-25T02:24:04,42.334,-158.0,198.6,8,3,6,8.722999999999999,33.982,228.2,0.1943,8.702,26.3681,228.9,1.17,21.71,,,
733,2019-04-25T02:25:25,42.334,-158.0,173.6,8,3,7,8.863999999999997,33.896,237.5,0.2005,8.845,26.2783,,1.09,19.11,,,
734,2019-04-25T02:26:39,42.334,-158.0,148.4,8,3,8,8.741,33.561,260.9,0.2322,8.725,26.0346,260.1,0.93,13.68,,,
735,2019-04-25T02:27:45,42.334,-158.0,124.5,8,3,9,8.479,33.179,283.6,0.2993,8.466000000000001,25.7749,285.0,0.76,7.65,,0.13,0.24
736,2019-04-25T02:29:06,42.334,-158.0,98.8,8,3,10,8.533,33.172,284.8,0.3454,8.523,25.7608,,0.76,7.58,,0.11,0.27
737,2019-04-25T02:29:09,42.334,-158.0,99.2,8,3,11,8.533,33.172,284.7,0.3489,8.523,25.7608,,,,509.51,,
738,2019-04-25T02:30:21,42.334,-158.0,84.5,8,3,12,8.636000000000001,33.166,286.1,0.5353,8.627,25.7402,,0.76,7.82,,0.21,0.38
739,2019-04-25T02:31:22,42.334,-158.0,73.6,8,3,13,8.91,33.166,289.2,0.963,8.902000000000003,25.6978,,0.73,7.34,,0.45,0.65
740,2019-04-25T02:31:49,42.334,-158.0,74.2,8,3,14,8.904,33.165,289.2,0.9521,8.896,25.698,,,,950.77,,
741,2019-04-25T02:32:01,42.334,-158.0,74.6,8,3,15,8.877,33.165,288.9,0.9251,8.869,25.7022,,,,,,
742,2019-04-25T02:33:37,42.334,-158.0,44.3,8,3,16,9.011,33.165,294.2,1.8187,9.006,25.6808,292.8,0.71,6.92,,0.84,0.99
743,2019-04-25T02:33:41,42.334,-158.0,44.2,8,3,17,9.011,33.165,294.1,1.817,9.006,25.6807,,,,911.35,,
744,2019-04-25T02:34:49,42.334,-158.0,24.2,8,3,18,9.081,33.162,296.0,1.4075,9.078,25.6671,,0.68,6.62,,0.65,0.67
745,2019-04-25T02:34:53,42.334,-158.0,25.2,8,3,19,9.079,33.162,296.0,1.4143,9.076,25.6674,,,,773.07,,
746,2019-04-25T02:35:50,42.334,-158.0,15.0,8,3,20,9.169,33.171,296.6,1.2593,9.167,25.66,296.0,0.68,6.69,,0.72,0.68
747,2019-04-25T02:35:54,42.334,-158.0,13.3,8,3,21,9.175,33.172,296.9,1.193,9.174,25.6598,,,,958.58,,
748,2019-04-25T02:37:13,42.334,-158.0,4.4,8,3,22,9.158,33.17,296.8,1.3209,9.158,25.6608,,,,,,
749,2019-04-25T02:37:23,42.334,-158.0,4.6,8,3,23,9.159,33.17,296.9,1.3156,9.159,25.6607,,0.69,6.85,,0.68,0.69
750,2019-04-25T02:37:30,42.334,-158.0,4.8,8,3,24,9.159,33.17,296.9,1.3125,9.158,25.6607,,,,967.0,,
751,2019-04-28T14:12:14,27.074,-157.998,198.4,9,1,1,15.817,34.684,200.7,0.1901,15.786,25.5541,,,,,,
752,2019-04-28T14:14:36,27.074,-157.998,149.1,9,1,2,18.63,35.09,212.8,0.2422,18.604,25.1916,,,,,,
753,2019-04-28T14:16:15,27.074,-157.998,124.6,9,1,3,19.177,35.184,218.4,0.3569,19.154,25.1234,,,,,,
754,2019-04-28T14:17:37,27.074,-157.998,115.3,9,1,4,19.35,35.207,220.6,0.3962,19.329,25.0961,,,,,,
755,2019-04-28T14:18:51,27.074,-157.998,102.0,9,1,5,19.545,35.222,221.8,0.4852,19.526,25.0564,,,,,,
756,2019-04-28T14:18:54,27.074,-157.998,101.6,9,1,6,19.541,35.219,221.3,0.4905,19.522,25.0551,,,,,,
757,2019-04-28T14:19:54,27.074,-157.998,94.1,9,1,7,19.629,35.217,219.7,0.5335,19.612,25.0304,,,,,,
758,2019-04-28T14:21:13,27.074,-157.998,75.1,9,1,8,20.09,35.25,221.1,0.3367,20.076,24.9336,,,,,,
759,2019-04-28T14:21:21,27.074,-157.998,73.9,9,1,9,20.116,35.253,221.1,0.3204,20.102,24.929,,,,,,
760,2019-04-28T14:23:10,27.074,-157.998,44.1,9,1,10,20.938,35.301,222.8,0.2409,20.93,24.7436,,,,,,
761,2019-04-28T14:23:15,27.074,-157.998,44.2,9,1,11,20.938,35.301,222.9,0.2411,20.93,24.7436,,,,,,
762,2019-04-28T14:24:38,27.074,-157.998,24.5,9,1,12,22.184,35.254,220.4,0.226,22.179,24.362,,,,,,
763,2019-04-28T14:26:03,27.074,-157.998,16.2,9,1,13,23.057,35.257,215.3,0.2245,23.054,24.1146,,,,,,
764,2019-04-28T14:26:11,27.074,-157.998,15.9,9,1,14,23.06,35.257,215.3,0.2248,23.057,24.1137,,,,,,
765,2019-04-28T14:26:17,27.074,-157.998,15.1,9,1,15,23.06,35.256,215.1,0.2261,23.057,24.1129,,,,,,
766,2019-04-28T14:26:24,27.074,-157.998,14.8,9,1,16,23.06,35.256,215.1,0.226,23.057,24.1129,,,,,,
767,2019-04-28T14:26:32,27.074,-157.998,15.0,9,1,17,23.06,35.256,215.1,0.2263,23.057,24.1129,,,,,,
768,2019-04-28T14:26:35,27.074,-157.998,15.1,9,1,18,23.06,35.256,215.1,0.2262,23.057,24.1129,,,,,,
769,2019-04-28T14:26:42,27.074,-157.998,15.4,9,1,19,23.06,35.256,215.2,0.2257,23.057,24.113000000000003,,,,,,
770,2019-04-28T14:28:06,27.074,-157.998,5.2,9,1,20,23.065,35.255,215.1,0.2247,23.064,24.1101,,,,,,
771,2019-04-28T14:28:18,27.074,-157.998,5.8,9,1,21,23.064,35.255,215.1,0.2248,23.063,24.1105,,,,,,
772,2019-04-28T14:28:23,27.074,-157.998,4.5,9,1,22,23.066,35.255,214.9,0.2243,23.065,24.1098,,,,,,
773,2019-04-28T16:02:08,26.855,-157.998,14.9,9,2,1,22.361,35.324,220.1,0.2369,22.358,24.3646,,,,,,
774,2019-04-28T16:02:20,26.855,-157.998,14.3,9,2,2,22.453000000000007,35.323,219.3,0.2379,22.45,24.3377,,,,,,
775,2019-04-28T16:02:26,26.855,-157.998,14.3,9,2,3,22.459,35.323,219.2,0.238,22.456,24.336,,,,,,
776,2019-04-28T16:02:31,26.855,-157.998,14.3,9,2,4,22.459,35.323,219.2,0.238,22.456,24.336,221.7,,,,,
777,2019-04-28T16:02:34,26.855,-157.998,14.6,9,2,5,22.412,35.324,219.6,0.2374,22.409,24.3501,,,,,,
778,2019-04-28T16:04:20,26.855,-157.998,5.3,9,2,6,22.976,35.27,215.3,0.2381,22.975,24.1472,,,,,,
779,2019-04-28T16:04:26,26.855,-157.998,5.0,9,2,7,22.976,35.27,215.3,0.2382,22.975,24.1472,,,,,,
780,2019-04-28T16:04:31,26.855,-157.998,4.9,9,2,8,22.976,35.27,215.3,0.2381,22.975,24.1472,,,,,,
781,2019-04-28T16:04:34,26.855,-157.998,5.9,9,2,9,22.975,35.27,215.4,0.2378,22.974,24.1475,,,,,,
